site,amino_acid,n_mutations_to
19,T,4034
452,L,3779
478,T,2449
446,V,2017
18,F,1850
20,T,1622
614,D,1601
821,L,1483
856,N,1349
222,V,1348
543,F,1342
572,I,1338
221,S,1313
98,F,1292
583,D,1286
296,L,1282
677,H,1274
688,V,1256
67,V,1235
1114,I,1203
692,I,1163
613,H,1162
681,P,1147
1237,I,1134
691,S,1128
181,V,1128
1178,N,1126
413,G,1108
655,Y,1107
11,V,1103
221,L,1101
1215,Y,1091
940,S,1069
939,F,1064
83,V,1058
432,C,1052
508,Y,1048
1264,L,1030
153,I,1017
32,F,1004
1263,L,992
60,S,986
562,F,983
845,S,980
95,I,979
1228,L,970
49,Y,967
54,F,963
130,V,958
53,D,950
501,N,946
22,I,931
1162,L,928
234,N,925
146,H,915
1148,F,914
1078,S,912
936,D,907
1162,S,899
489,Y,895
276,L,888
1117,I,886
640,F,878
55,F,870
12,F,868
824,N,865
682,R,864
859,I,862
254,F,856
354,N,832
1238,T,831
778,T,828
882,I,827
547,I,826
255,F,825
707,Y,821
732,T,817
1229,I,816
1146,D,804
75,V,804
1191,N,803
1104,L,796
789,Y,796
1219,C,791
58,F,790
1259,D,786
19,R,782
475,A,779
302,T,776
574,Y,775
43,F,768
20,I,766
716,I,766
306,F,763
960,N,753
26,S,743
1101,H,743
938,F,735
245,Y,732
1020,S,722
308,L,721
704,L,712
675,H,706
769,V,706
28,Y,706
812,L,705
99,N,698
665,P,697
701,V,696
176,F,690
312,I,689
1101,Y,676
484,K,674
1219,V,668
343,N,667
323,I,662
522,V,660
215,Y,655
501,Y,634
877,L,632
936,Y,627
417,N,623
222,A,618
80,Y,618
622,F,615
494,P,606
940,F,606
812,S,595
518,L,595
678,I,587
982,S,586
716,T,584
29,I,583
573,I,582
680,F,580
290,D,580
570,A,579
70,V,574
27,S,574
1243,F,571
440,N,570
681,P,568
764,N,563
879,S,562
809,S,560
1163,Y,558
395,V,557
484,Q,553
1073,N,553
84,L,553
262,S,550
647,S,548
69,Y,547
684,V,546
618,T,545
477,S,544
1264,V,543
1122,L,538
146,Y,537
116,S,537
494,L,533
76,I,532
1247,F,530
452,R,529
683,R,528
14,H,528
145,Y,525
1027,I,525
26,L,525
138,Y,521
455,F,518
25,P,518
174,S,518
186,F,516
1020,V,513
307,I,510
892,V,508
112,S,506
1176,F,506
1118,D,505
653,V,502
253,G,502
715,P,501
846,V,500
1153,Y,500
620,V,499
214,L,496
216,F,496
477,I,491
294,D,491
1235,F,490
299,I,485
520,S,485
256,L,485
384,L,484
483,F,483
925,N,482
822,F,480
574,D,476
27,V,475
21,I,471
240,I,471
410,I,462
16,F,462
1119,N,458
479,S,455
731,I,450
657,N,449
382,V,444
796,Y,442
417,K,441
791,I,440
1150,D,439
375,S,438
681,H,437
1208,H,431
1087,S,430
177,I,429
330,S,425
95,T,424
541,F,420
163,A,418
478,K,416
173,H,411
606,N,410
884,F,407
845,V,406
1200,L,404
222,S,402
879,V,395
144,Y,395
1118,H,394
1122,V,393
558,N,392
879,A,389
765,C,388
151,I,387
623,V,387
70,I,385
1065,V,382
982,A,382
1203,F,379
648,G,376
922,F,376
1207,D,375
477,N,375
33,I,373
570,D,373
152,L,373
932,G,372
193,L,371
522,S,365
618,I,364
706,V,360
243,S,357
771,S,353
1063,F,353
1201,K,352
929,I,348
1202,Q,348
261,V,344
1018,I,342
13,I,341
991,V,338
484,E,338
321,Q,336
747,I,336
1250,F,336
476,S,335
477,S,335
1079,S,334
1236,F,334
213,V,332
764,N,332
1009,I,331
831,V,331
1062,F,326
818,V,326
446,G,326
683,W,326
25,S,323
1094,V,323
70,F,320
871,S,320
556,N,319
719,I,318
732,I,318
924,A,317
698,L,316
40,D,316
215,H,315
273,S,314
671,C,314
1167,V,311
553,I,309
676,I,307
1252,F,304
854,N,304
936,H,304
621,S,304
952,V,303
67,S,303
112,L,302
152,W,301
371,S,300
148,T,298
118,F,298
6,F,296
1006,I,295
490,S,294
514,F,293
309,Q,290
25,L,289
765,L,289
691,F,287
138,H,285
623,S,284
21,T,284
463,S,282
267,V,282
1070,V,281
981,L,279
289,V,277
71,F,276
320,V,276
339,G,274
1058,Y,273
683,L,272
348,S,270
80,D,270
215,G,269
871,V,268
1078,V,268
274,I,267
631,S,266
490,L,265
813,I,264
346,K,264
846,S,262
479,L,261
141,F,260
68,I,258
1230,V,258
1200,F,258
9,S,257
1120,I,256
384,S,255
505,Y,254
344,S,253
892,S,252
8,F,252
10,L,252
148,N,252
1061,V,251
603,N,250
109,A,248
138,D,247
289,L,245
980,I,244
19,I,243
446,S,241
1147,L,241
439,N,241
112,S,240
9,L,240
848,D,240
444,N,239
67,A,238
1139,H,237
679,N,237
681,H,237
1168,D,235
25,T,234
857,G,234
484,A,234
1259,Y,233
213,L,233
979,D,233
376,I,233
472,I,232
1198,I,231
96,D,231
1051,S,230
883,I,230
1110,Y,228
1238,I,228
152,R,227
1084,Y,227
178,N,225
484,E,225
1260,Y,223
1205,N,222
470,I,222
110,V,221
90,F,220
899,S,220
689,I,220
45,S,219
808,D,218
19,I,218
942,S,217
83,F,216
1091,L,216
929,S,213
578,D,213
181,R,211
440,K,210
72,E,209
382,L,209
114,T,209
919,N,208
145,Y,208
809,P,208
1242,I,206
701,A,206
149,N,206
181,A,205
547,T,204
143,F,204
1169,I,203
85,S,203
961,M,203
887,T,202
146,Q,202
1133,F,200
72,V,200
408,I,199
1065,L,198
15,F,198
1070,S,198
475,V,198
401,L,198
1248,F,196
652,G,196
1046,G,196
50,L,194
411,S,194
52,H,194
224,Q,192
575,S,192
38,Y,191
303,F,191
1147,S,191
1139,D,190
1230,L,189
496,G,189
740,I,188
681,R,188
345,T,188
1146,Y,187
243,V,187
672,V,186
843,D,185
289,I,185
1251,V,185
102,I,185
419,S,184
1074,N,183
24,S,183
28,H,182
375,S,182
688,S,181
305,S,181
873,Y,181
547,K,181
117,L,181
93,S,181
330,L,180
796,D,180
208,M,179
1185,R,179
1052,F,179
670,V,179
250,I,179
1252,S,179
542,N,179
826,V,178
924,S,177
655,H,177
1159,H,176
51,I,175
1177,L,173
694,V,173
190,R,173
1143,L,173
1008,V,172
516,Q,172
1246,G,172
373,L,172
1273,I,171
1272,Y,171
68,T,171
1264,V,171
723,T,170
1176,V,170
706,S,169
909,V,168
1068,F,167
124,I,167
893,V,167
1118,Y,167
1083,Y,166
284,T,166
259,I,165
339,D,165
137,N,164
658,N,164
826,L,163
623,A,163
228,H,162
36,F,161
452,L,161
684,S,160
778,I,160
190,R,160
796,H,159
246,I,159
145,H,158
1111,Q,158
1199,D,157
3,G,157
233,V,157
72,G,157
570,V,157
627,D,157
1218,L,156
18,L,156
1193,L,156
122,N,156
368,L,155
626,S,155
1146,H,154
30,H,154
110,L,154
1091,H,154
1266,R,154
951,V,154
320,F,154
163,V,153
705,F,153
70,V,153
314,K,152
709,N,152
208,T,152
583,Q,151
1027,T,151
1171,G,151
536,N,150
1048,H,150
961,T,150
820,D,150
783,S,150
1171,V,149
659,S,149
257,D,149
215,D,148
1099,D,148
94,S,148
228,Y,147
764,K,147
830,Y,147
354,K,146
286,I,146
1199,Y,146
615,F,146
389,D,146
499,P,145
816,S,145
127,F,145
272,L,145
1116,T,145
352,V,145
232,C,145
1240,C,144
346,R,144
493,Q,144
570,S,144
229,F,144
505,H,144
809,L,143
683,Q,143
35,V,143
344,A,143
412,P,143
1139,Y,142
267,L,142
616,N,142
284,I,141
1102,L,141
859,N,141
80,G,141
171,V,141
1067,Y,140
663,D,140
708,F,140
461,L,140
701,S,139
474,H,139
427,Y,139
54,L,139
1267,V,139
496,S,139
856,N,138
252,V,137
1151,D,137
674,Y,136
372,V,136
517,F,136
59,S,136
375,F,135
493,R,135
385,I,135
834,T,135
783,V,134
1252,P,133
411,A,133
968,S,133
452,R,133
214,H,133
178,H,133
1112,L,132
614,G,132
1237,V,132
373,S,131
258,C,130
369,Y,130
13,S,130
313,Y,130
834,V,130
913,H,129
1076,I,129
219,S,129
35,R,129
261,C,128
71,S,128
556,K,128
1251,G,128
1047,Y,127
257,S,127
251,L,127
937,L,127
1257,D,126
138,D,126
765,H,126
336,C,126
322,S,126
242,F,125
575,A,125
1053,P,125
111,N,125
681,L,125
1050,I,124
612,Y,124
157,L,124
950,D,124
622,I,124
1118,D,124
625,Y,123
1174,V,123
858,F,123
508,H,123
1235,C,123
78,M,123
661,D,123
660,Y,123
1254,C,123
2,L,123
164,N,122
34,P,122
153,T,122
840,C,122
253,D,122
1112,S,121
1245,N,121
745,G,121
355,R,120
497,F,120
7,L,120
580,H,120
929,T,120
444,R,120
288,V,120
852,V,120
946,V,119
310,K,119
676,T,119
953,N,118
654,Q,118
297,S,118
1026,S,118
139,P,118
73,T,117
1165,Y,117
878,L,117
88,Y,117
615,I,117
1114,T,117
105,V,116
503,F,116
861,L,116
560,L,115
669,G,115
571,D,115
849,L,115
847,T,114
858,L,114
1085,V,114
251,H,113
617,C,113
587,I,113
190,S,113
111,D,113
638,I,113
138,D,112
467,D,111
452,Q,111
936,N,111
1253,C,111
362,F,111
373,P,111
1091,C,111
218,H,111
153,V,111
430,I,110
1213,P,110
1084,D,110
775,D,110
777,N,110
197,V,110
1144,Q,109
586,D,109
934,I,109
73,I,109
385,N,109
142,C,109
924,V,109
121,N,109
370,N,109
577,R,109
585,F,108
1075,F,108
728,P,108
675,Q,108
519,L,108
56,L,108
1149,K,108
113,K,108
679,K,107
471,Q,107
1265,F,107
405,Y,107
1195,Q,107
760,C,107
179,F,107
475,S,107
852,S,107
281,Q,107
810,L,107
77,N,107
576,V,106
626,V,106
177,T,106
1124,C,106
505,Y,106
838,G,106
130,F,106
849,F,105
162,I,105
491,S,104
152,C,104
1263,P,104
46,P,104
647,A,103
839,D,103
1069,S,103
477,G,103
1245,K,103
258,R,103
879,T,103
752,F,102
1244,L,102
407,V,102
211,N,102
780,Q,102
884,S,101
97,N,101
1045,N,101
1081,V,101
642,G,101
694,A,101
434,V,101
910,G,100
263,S,100
785,V,100
1078,A,100
498,Q,100
473,Y,100
932,V,100
433,I,100
352,S,99
272,S,99
108,T,99
83,I,99
977,L,99
184,V,99
761,I,99
893,A,99
198,D,99
431,G,99
459,F,99
27,A,98
751,N,98
174,L,98
183,H,98
793,L,98
78,S,98
264,V,98
1187,N,98
256,S,98
763,L,98
417,K,97
65,F,97
227,V,97
513,F,97
417,T,97
1079,T,97
521,S,97
1254,F,97
631,P,97
405,D,97
72,R,97
217,P,96
839,Y,96
198,Y,96
484,D,96
713,A,96
554,Q,96
262,V,96
198,G,96
1196,S,96
84,I,95
62,L,95
391,C,95
1150,E,95
1005,H,95
262,A,95
1199,N,95
869,I,94
342,F,94
190,K,94
1068,V,94
1223,G,94
1170,S,94
1263,S,94
552,F,94
1260,N,93
64,L,93
458,K,93
261,D,93
217,S,93
263,V,93
735,L,93
226,L,93
1080,A,93
128,V,93
1224,F,92
555,S,92
832,G,92
607,H,92
351,Y,92
244,S,92
772,I,91
741,Y,91
499,L,91
554,D,91
492,L,91
227,L,91
727,L,91
1185,H,91
428,D,91
969,N,91
81,N,91
522,P,91
891,D,91
1033,A,91
729,V,91
24,L,90
1184,Y,90
1261,F,90
1233,I,90
711,S,90
1073,K,90
675,R,90
588,I,90
157,S,90
591,F,89
393,T,89
551,F,89
1057,P,89
308,V,89
900,I,89
985,D,89
1085,R,89
1030,S,89
82,P,89
1261,S,89
1063,L,89
288,S,88
252,S,88
360,N,88
1140,P,88
1127,G,88
263,A,88
867,D,88
177,V,88
1152,L,88
1060,V,88
1222,A,88
1055,S,88
335,L,88
295,P,87
22,T,87
1001,L,87
282,N,87
223,L,87
561,S,87
539,V,87
477,R,86
1225,V,86
346,I,86
748,Q,86
1185,C,86
260,V,86
367,V,86
51,T,86
494,S,86
155,I,85
20,N,85
52,Q,85
837,Y,85
254,S,85
303,L,85
356,R,85
308,I,85
856,K,85
549,I,85
507,P,85
1012,L,84
1162,P,84
710,N,84
600,P,84
679,N,84
591,S,84
245,H,84
46,L,84
21,K,84
654,K,84
225,P,83
1216,T,83
917,Y,83
501,T,83
52,R,83
1190,A,83
1006,T,83
399,S,83
1247,Y,83
154,K,83
507,S,83
172,S,83
29,T,83
285,I,82
812,P,82
293,L,82
39,P,82
240,T,82
681,R,82
954,Q,82
408,R,82
273,M,82
1145,L,82
485,V,82
144,S,82
316,S,82
442,D,82
365,Y,82
1107,S,81
1098,N,81
565,L,81
572,T,81
831,A,81
334,N,81
228,D,81
1231,I,81
681,L,81
1174,A,81
899,A,81
185,D,81
306,L,81
734,T,81
702,Q,81
523,A,80
945,L,80
745,D,80
1197,L,80
595,V,80
348,A,80
954,H,80
237,K,80
999,G,80
722,V,80
604,I,80
701,A,80
703,N,80
864,L,80
397,A,80
1077,T,80
394,N,80
189,F,80
757,G,79
32,L,79
1021,F,79
171,F,79
269,Y,79
967,S,79
942,A,79
957,R,79
143,V,79
829,A,79
1158,N,79
941,I,79
1114,V,79
1023,N,78
855,F,78
837,H,78
138,G,78
646,H,78
684,T,78
145,Y,78
1138,Y,78
324,E,78
793,P,77
75,R,77
697,I,77
373,S,77
358,I,77
253,Y,77
1135,N,77
1130,M,77
668,A,77
1084,G,77
1183,I,77
372,A,77
691,P,77
1079,P,77
666,I,77
948,L,77
354,D,76
687,V,76
1244,F,76
753,L,76
1268,V,76
103,G,76
529,N,76
270,L,76
337,L,76
44,R,76
80,N,76
1133,V,76
1203,L,76
26,P,76
451,Y,76
819,E,76
180,K,76
47,F,76
337,S,76
834,I,76
723,I,75
1124,G,75
262,A,75
26,P,75
656,V,75
930,A,75
185,S,75
622,A,75
66,R,75
243,A,75
172,F,75
186,L,75
1125,N,75
605,S,75
231,I,75
261,S,74
1134,N,74
1231,A,74
439,N,74
444,K,74
1101,Q,74
1153,D,74
779,K,74
615,V,74
246,T,74
484,G,74
206,K,74
890,A,74
823,F,74
607,Q,74
1224,L,74
249,F,74
739,I,74
1159,Y,74
650,L,74
483,A,74
519,H,74
324,Q,74
6,I,74
569,V,74
458,N,73
815,R,73
499,S,73
1143,S,73
209,L,73
421,Y,73
1016,A,73
1170,F,73
87,N,73
893,S,73
1226,A,73
673,T,72
80,A,72
769,A,72
844,V,72
277,L,72
1085,A,72
339,S,72
793,S,72
80,D,72
807,S,72
732,A,72
914,N,72
1157,N,72
621,P,72
1267,R,72
642,F,72
252,D,72
455,L,71
941,T,71
214,R,71
1165,G,71
1216,V,71
283,G,71
680,S,71
64,R,71
261,R,71
520,V,71
865,L,71
11,F,71
619,Q,71
1221,V,71
1234,L,71
381,G,71
969,K,71
178,D,71
216,L,71
740,T,71
299,T,71
1069,P,70
184,S,70
250,T,70
304,K,70
178,Y,70
1091,R,70
1132,V,70
244,L,70
596,I,70
1085,G,70
94,F,70
227,I,70
704,S,70
439,K,70
229,L,70
521,P,70
190,M,70
77,K,70
46,S,70
629,L,70
251,S,70
77,K,70
200,Y,70
414,R,69
1120,T,69
383,S,69
627,Y,69
831,S,69
1153,G,69
181,G,69
916,L,69
558,K,69
491,P,69
1187,Y,69
323,T,69
854,K,69
1168,Y,69
91,Y,69
95,T,69
222,A,69
1206,Y,69
78,K,69
1188,D,69
452,W,69
1182,Q,69
289,V,68
813,N,68
836,L,68
31,F,68
805,M,68
1009,T,68
247,I,68
259,T,68
1160,T,68
1104,I,68
871,A,68
682,L,68
903,S,68
498,R,68
640,S,68
638,T,68
1201,H,67
230,P,67
257,V,67
260,S,67
107,G,67
82,L,67
579,P,67
517,V,67
34,R,67
468,V,67
796,D,67
1173,N,67
732,T,67
583,E,67
621,L,67
1188,E,67
1073,T,67
514,S,67
441,L,66
1248,Y,66
1044,G,66
843,G,66
132,Q,66
897,P,66
981,F,66
1004,L,66
1007,Y,66
1159,R,66
1238,N,66
1104,V,66
862,S,66
870,V,66
406,Q,65
344,T,65
158,S,65
653,A,65
1262,E,65
346,S,65
1191,K,65
64,C,65
1117,T,65
628,K,65
859,T,65
1141,F,65
484,V,65
695,Y,65
584,V,65
62,V,65
874,I,65
481,N,65
166,F,65
1115,V,65
1251,E,64
590,C,64
568,D,64
1131,A,64
72,W,64
1237,T,64
739,T,64
8,L,64
85,P,64
522,A,64
866,T,64
274,T,64
1022,S,64
874,T,64
440,N,64
892,A,64
142,S,64
1184,D,64
331,N,64
237,R,63
1174,S,63
622,V,63
34,L,63
31,S,63
37,Y,63
551,I,63
16,V,63
1183,V,63
97,K,63
232,V,63
378,N,63
1090,P,63
641,N,63
1022,A,63
1246,S,63
493,L,63
78,R,63
772,V,63
181,E,63
1045,K,63
80,D,63
82,S,63
1270,L,62
170,H,62
717,S,62
1039,R,62
647,V,62
474,Q,62
1169,V,62
1113,K,62
969,N,62
807,L,62
1026,A,62
547,T,62
1076,T,62
1141,L,62
1133,I,62
349,P,62
787,K,62
490,F,62
957,Q,62
460,N,62
356,N,62
27,T,62
852,A,62
322,P,62
842,S,61
478,I,61
904,Y,61
682,W,61
154,G,61
380,Y,61
881,T,61
260,A,61
856,S,61
958,S,61
626,A,61
989,A,61
183,R,61
88,H,61
241,L,61
1199,H,61
170,Y,61
456,L,61
501,N,61
639,G,61
1066,T,61
677,Q,61
660,H,61
966,L,61
415,T,61
95,A,60
937,S,60
307,T,60
522,A,60
416,G,60
17,N,60
328,R,60
75,S,60
317,N,60
1129,L,60
1085,E,60
352,A,60
145,N,60
749,C,60
265,Y,60
182,K,59
1078,T,59
210,T,59
1054,Q,59
1219,S,59
1251,R,59
1228,A,59
1265,L,59
860,I,59
810,S,59
57,P,59
433,V,59
411,V,59
677,R,59
946,R,59
59,L,59
69,H,59
649,G,59
540,N,59
1064,H,59
566,G,59
1049,L,59
813,S,59
144,Y,59
859,T,59
939,S,58
521,L,58
157,F,58
860,L,58
249,L,58
769,R,58
90,I,58
75,A,58
649,C,58
321,L,58
735,S,58
807,P,58
430,T,58
894,L,58
219,D,58
325,S,58
503,I,58
101,T,58
93,A,58
625,H,58
337,P,58
66,H,58
845,A,58
1129,I,58
717,N,58
724,T,57
687,I,57
454,R,57
1024,F,57
75,D,57
974,S,57
1207,E,57
855,S,57
1104,V,57
1210,V,57
1083,H,57
21,G,57
253,N,57
1116,I,57
280,N,57
678,T,57
1087,V,57
761,T,57
74,N,57
746,S,57
1100,I,57
1077,I,57
186,S,57
388,N,57
273,R,56
469,S,56
972,A,56
1041,D,56
630,T,56
346,G,56
245,R,56
1258,D,56
1116,N,56
185,N,56
806,L,56
589,P,56
445,F,56
218,R,56
62,I,56
102,G,56
1202,K,56
115,Q,56
346,R,56
632,I,56
248,H,56
573,T,56
396,Y,56
427,D,56
1250,Y,56
253,D,55
938,L,55
1035,V,55
533,L,55
1074,S,55
792,S,55
443,S,55
860,F,55
932,C,55
531,T,55
453,F,55
503,V,55
679,S,55
338,L,55
561,P,55
886,L,55
841,L,55
483,I,55
988,E,55
427,H,55
501,S,55
341,V,55
48,L,55
1195,E,55
376,T,55
21,R,54
1229,T,54
1234,F,54
942,V,54
1089,F,54
1045,R,54
582,F,54
754,L,54
1099,S,54
77,T,54
923,I,54
1192,N,54
482,V,54
36,I,54
147,N,54
979,Y,54
808,N,54
1211,K,54
994,D,54
262,T,54
860,V,54
534,F,54
173,Q,54
1043,C,54
335,F,54
66,Y,54
912,T,54
625,R,54
769,G,54
123,A,54
263,T,54
1096,I,53
918,E,53
601,G,53
1177,I,53
608,I,53
1164,I,53
14,R,53
839,N,53
390,F,53
681,R,53
109,T,53
553,T,53
883,T,53
1219,G,53
333,I,53
196,N,53
912,I,53
688,T,53
423,Y,53
1014,R,53
1264,M,53
495,Y,53
995,R,53
213,A,53
12,S,53
706,A,52
827,I,52
1016,V,52
174,P,52
460,S,52
159,V,52
209,S,52
1267,G,52
1209,Y,52
921,K,52
150,R,52
120,F,52
1189,V,52
833,F,52
670,M,52
595,I,52
1131,G,52
144,F,52
239,R,52
1093,G,51
359,S,51
435,S,51
998,T,51
426,P,51
911,V,51
905,R,51
997,I,51
903,A,51
689,S,51
53,N,51
410,V,51
517,L,51
624,I,51
1100,T,51
1164,F,51
377,F,51
791,T,50
1084,E,50
1247,S,50
519,Y,50
210,V,50
1175,S,50
842,V,50
637,S,50
191,E,50
45,F,50
86,F,50
1168,G,50
520,A,50
602,T,50
946,G,50
510,V,50
465,D,50
930,V,50
1068,I,50
96,G,50
366,S,50
237,S,50
160,Y,50
356,K,50
659,L,50
1112,P,50
361,C,50
1094,I,50
33,T,49
123,V,49
544,N,49
344,V,49
728,L,49
1025,A,49
1149,R,49
179,L,49
768,T,49
747,T,49
1172,I,49
329,F,49
829,V,49
1245,R,49
850,L,49
525,C,49
75,G,49
154,E,49
49,H,49
50,S,49
829,T,49
934,V,49
582,L,49
688,A,49
488,C,49
1143,P,49
188,N,49
264,S,49
830,D,49
828,L,49
425,L,49
88,D,49
157,F,49
133,F,49
188,S,49
140,L,49
359,N,49
88,G,49
1040,F,49
844,I,48
413,V,48
703,S,48
984,L,48
771,V,48
1112,Q,48
148,S,48
180,V,48
896,T,48
1171,S,48
693,I,48
792,L,48
457,R,48
546,L,48
83,L,48
712,I,48
287,D,48
752,L,48
829,S,48
1194,N,48
445,V,48
19,K,48
1208,E,48
608,V,48
768,I,48
20,T,48
619,E,48
17,S,48
704,P,48
154,Q,48
1180,K,48
1163,D,47
445,A,47
822,L,47
173,R,47
30,N,47
459,S,47
483,V,47
67,A,47
311,G,47
357,R,47
337,T,47
428,G,47
1231,T,47
429,F,47
1163,N,47
427,G,47
145,D,47
26,H,47
1071,H,47
983,R,47
922,L,47
1233,V,47
609,A,47
548,G,47
1199,G,47
175,L,47
987,V,47
165,N,47
705,L,47
724,I,47
909,I,47
242,L,47
70,L,47
1036,Q,47
1146,E,47
1186,L,47
419,A,47
279,Y,47
733,K,47
255,S,47
710,D,47
235,I,47
179,I,47
572,S,46
779,E,46
100,T,46
976,F,46
265,C,46
124,T,46
845,A,46
256,P,46
463,P,46
487,N,46
256,S,46
96,E,46
654,V,46
35,C,46
233,I,46
1088,H,46
736,V,46
405,G,46
847,R,46
955,N,46
798,S,46
1239,T,46
651,V,46
842,G,46
1221,T,46
3,F,46
247,N,46
327,I,46
348,T,46
570,A,46
193,V,46
248,Y,46
1118,Y,46
21,S,45
293,F,45
767,L,45
215,D,45
1184,N,45
85,L,45
1263,Q,45
890,V,45
784,L,45
1198,V,45
246,K,45
569,I,45
237,M,45
701,T,45
339,G,45
120,I,45
1127,Y,45
151,T,45
585,L,45
211,I,45
1269,K,45
1247,C,45
359,G,45
780,D,45
523,I,45
466,R,45
875,S,45
1204,G,44
635,I,44
523,T,44
1066,N,44
662,C,44
1074,D,44
534,I,44
1258,E,44
257,G,44
450,N,44
141,L,44
1163,G,44
1155,Y,44
23,R,44
291,C,44
842,D,44
794,N,44
23,L,44
486,F,44
932,S,44
1223,S,44
371,S,44
577,C,44
1172,V,44
427,N,44
1060,I,44
574,H,44
3,I,44
1177,V,44
627,N,44
1107,R,44
867,G,44
96,V,44
1032,C,44
566,S,44
261,G,44
212,L,43
748,E,43
1150,K,43
180,E,43
1103,L,43
655,H,43
312,V,43
821,V,43
1226,V,43
470,T,43
333,T,43
643,L,43
847,K,43
75,C,43
323,T,43
549,T,43
483,L,43
863,P,43
783,A,43
809,P,43
1088,Y,43
576,I,43
636,Y,43
166,C,43
699,L,43
139,S,43
1065,A,43
102,K,43
413,R,43
377,L,43
765,R,43
184,D,43
250,N,43
219,G,43
156,D,43
215,E,43
288,A,43
71,P,42
1102,C,42
1155,H,42
1021,S,42
392,F,42
309,K,42
1262,G,42
801,N,42
639,V,42
438,S,42
499,R,42
1228,I,42
142,G,42
102,R,42
1005,Q,42
687,L,42
870,I,42
1265,P,42
888,L,42
931,V,42
1071,Q,42
987,F,42
445,I,42
1228,V,42
236,T,42
1020,T,42
1099,G,42
79,L,42
22,N,42
1210,T,42
1042,F,42
996,L,42
754,F,42
907,N,42
963,V,42
341,I,42
998,I,42
622,L,42
513,L,42
726,I,42
286,T,42
349,S,42
1128,I,42
493,K,42
1271,Y,41
1072,Q,41
716,T,41
54,L,41
1070,T,41
357,K,41
1144,V,41
164,S,41
1073,R,41
574,N,41
668,S,41
1136,I,41
340,K,41
511,V,41
479,P,41
641,S,41
654,E,41
552,L,41
530,S,41
249,S,41
1255,K,41
390,L,41
218,Q,41
387,L,41
1260,D,41
1123,S,41
398,D,41
847,I,41
108,I,41
207,Y,41
836,R,41
598,V,41
1035,G,41
698,S,41
766,A,40
604,T,40
449,Y,40
911,I,40
738,C,40
768,N,40
504,S,40
96,Q,40
247,G,40
448,S,40
1070,A,40
452,M,40
112,P,40
148,K,40
1169,F,40
470,N,40
1080,S,40
493,H,40
484,E,40
151,N,40
203,M,40
182,R,40
579,S,40
169,E,40
260,T,40
885,G,40
254,Y,40
681,Y,40
1139,N,40
880,G,40
959,L,40
740,V,40
677,L,39
1230,M,39
63,T,39
1239,S,39
490,V,39
724,A,39
718,F,39
850,V,39
827,T,39
52,L,39
825,K,39
485,S,39
1013,I,39
770,V,39
779,R,39
501,I,39
1024,L,39
1233,T,39
1052,L,39
1166,L,39
1167,G,39
259,A,39
794,V,39
915,I,39
1262,D,39
631,L,39
863,S,39
272,H,39
220,L,39
437,N,39
485,G,39
504,D,39
715,S,39
9,P,39
246,S,39
1216,I,39
500,T,39
301,C,39
1034,L,38
1040,V,38
643,F,38
667,G,38
658,K,38
287,H,38
1129,V,38
846,A,38
1058,H,38
61,N,38
446,D,38
1014,T,38
213,M,38
1055,L,38
1197,F,38
1037,S,38
76,A,38
426,S,38
527,P,38
499,H,38
572,N,38
794,I,38
11,I,38
418,I,38
1144,E,38
63,I,38
19,G,38
23,H,38
1227,V,38
642,V,38
374,F,38
150,N,38
726,T,38
618,A,38
928,N,38
537,K,38
292,S,38
666,V,38
584,I,38
219,C,38
80,D,38
836,Q,38
673,S,37
408,K,37
16,I,37
684,A,37
512,V,37
481,S,37
348,V,37
1253,F,37
135,L,37
76,T,37
1189,I,37
705,V,37
1094,F,37
1190,S,37
472,T,37
1181,N,37
597,V,37
13,T,37
374,L,37
803,S,37
278,K,37
1121,L,37
261,A,37
464,L,37
273,K,37
253,A,37
1128,F,37
29,A,37
1132,I,37
554,G,37
158,I,37
201,F,37
478,R,37
677,Q,37
957,L,37
1225,I,37
690,Q,37
705,I,37
1122,M,36
182,N,36
942,T,36
384,P,36
1130,T,36
690,R,36
1246,C,36
136,F,36
774,Q,36
447,V,36
235,T,36
127,I,36
158,R,36
742,I,36
354,S,36
5,L,36
238,F,36
962,L,36
935,Q,36
821,I,36
1271,H,36
131,C,36
1127,D,36
180,D,36
251,P,36
722,I,36
800,F,36
102,S,36
1014,K,36
208,A,36
98,S,36
1246,D,36
1250,C,36
858,I,36
1179,V,36
151,G,36
161,F,36
59,F,36
865,F,36
199,G,36
580,Q,36
362,V,36
958,A,36
1252,Y,36
401,I,35
1082,C,35
711,F,35
1133,A,35
744,G,35
147,E,35
1181,R,35
181,G,35
1179,I,35
251,T,35
1154,K,35
472,V,35
632,T,35
144,H,35
1107,K,35
251,P,35
981,I,35
200,C,35
1062,L,35
855,L,35
655,R,35
340,D,35
1156,L,35
424,K,35
18,P,35
568,N,35
1113,L,35
1201,Q,35
18,L,35
125,N,35
266,Y,35
482,S,35
981,L,35
200,H,35
394,S,35
3,V,35
1016,S,35
475,T,35
785,A,35
1019,R,35
851,C,34
1189,F,34
134,Q,34
737,D,34
146,R,34
936,E,34
143,I,34
1096,V,34
450,D,34
332,I,34
413,W,34
119,V,34
946,E,34
838,S,34
1246,V,34
226,F,34
990,E,34
80,H,34
780,E,34
1111,K,34
1087,A,34
613,Q,34
565,F,34
16,A,34
1015,A,34
906,F,34
252,G,34
401,V,34
210,I,34
515,F,34
12,S,34
153,M,34
1241,F,34
435,A,34
29,S,34
207,H,34
273,T,34
297,L,34
769,G,34
1192,S,33
561,L,33
867,Y,33
180,G,33
589,S,33
178,G,33
1264,A,33
1268,I,33
522,T,33
146,N,33
534,V,33
1115,I,33
750,S,33
287,G,33
529,K,33
330,P,33
1225,T,33
405,N,33
675,K,33
735,A,33
1249,F,33
1072,E,33
1162,R,33
982,S,33
792,T,33
1060,L,33
494,S,33
411,T,33
1195,D,33
1241,C,33
592,F,33
272,T,33
945,F,33
222,T,33
794,T,33
1018,V,33
1126,C,33
814,K,33
183,Q,33
132,E,33
177,K,33
22,A,33
567,R,33
795,K,32
41,K,32
1108,N,32
952,F,32
594,S,32
1076,S,32
961,A,32
1181,K,32
70,A,32
1222,T,32
253,V,32
146,L,32
466,I,32
346,T,32
230,L,32
175,F,32
126,F,32
1205,K,32
680,P,32
212,S,32
611,L,32
171,I,32
224,E,32
1215,H,32
502,G,32
70,V,32
593,G,32
679,Y,32
836,H,32
139,L,32
619,K,32
539,I,32
1165,D,32
227,A,32
841,F,32
1236,S,32
484,V,32
358,V,32
941,A,32
468,T,32
364,D,32
1195,G,32
147,R,32
792,P,32
559,F,32
970,F,32
681,S,32
814,R,32
15,C,32
155,R,32
828,F,31
1263,R,31
786,K,31
205,F,31
645,T,31
203,V,31
1242,N,31
167,T,31
320,I,31
1153,H,31
758,S,31
1030,L,31
1072,K,31
561,H,31
1240,F,31
932,D,31
19,S,31
712,V,31
441,F,31
1243,C,31
1086,R,31
1023,S,31
624,V,31
197,T,31
936,G,31
1167,S,31
978,N,31
666,N,31
9,T,31
1261,P,31
318,S,31
1164,V,31
918,D,31
315,I,31
415,N,31
696,T,31
95,S,31
427,V,31
1205,R,31
902,I,31
1157,K,31
658,D,31
269,H,31
414,L,31
150,I,31
632,N,31
567,I,31
1167,D,31
549,A,30
1136,T,30
751,S,30
1075,L,30
1167,R,30
1108,S,30
481,K,30
1071,L,30
646,R,30
1149,N,30
12,Y,30
931,I,30
12,C,30
803,L,30
271,K,30
327,V,30
1097,S,30
417,K,30
266,C,30
163,S,30
809,T,30
627,G,30
1130,I,30
876,A,30
386,K,30
714,V,30
956,A,30
796,G,30
808,H,30
77,R,30
623,T,30
264,A,30
176,L,30
218,L,30
1130,L,30
272,P,30
453,Y,30
1217,L,30
558,R,30
592,S,30
168,L,30
812,R,30
255,P,30
619,D,30
1092,E,30
23,Q,30
656,I,30
570,T,30
82,H,29
397,V,29
393,I,29
88,N,29
446,A,29
219,V,29
106,F,29
144,T,29
1049,I,29
132,A,29
214,C,29
1260,H,29
1125,D,29
231,T,29
298,E,29
728,S,29
818,I,29
113,N,29
1084,H,29
811,K,29
246,G,29
689,R,29
97,E,29
197,I,29
282,S,29
243,T,29
406,D,29
607,R,29
691,Y,29
504,G,29
734,I,29
676,S,29
1094,A,29
603,S,29
551,V,29
250,A,29
62,F,29
689,N,29
340,E,29
30,S,29
693,V,29
132,D,29
111,H,29
993,I,29
1243,S,29
97,R,29
25,H,29
1118,H,29
6,V,29
155,G,29
1242,G,29
69,L,29
653,S,29
215,N,29
90,V,29
155,N,28
92,F,28
1229,V,28
509,R,28
554,E,28
604,N,28
613,E,28
138,N,28
220,F,28
799,V,28
489,H,28
158,R,28
65,L,28
32,S,28
627,H,28
68,V,28
808,Y,28
152,W,28
787,H,28
126,V,28
486,S,28
948,I,28
161,S,28
890,T,28
1202,E,28
845,T,28
420,D,28
1095,F,28
779,H,28
98,S,28
808,G,28
268,S,28
1232,V,28
952,I,28
673,I,28
660,F,28
929,N,28
915,V,28
449,H,28
1171,D,28
785,I,28
20,A,28
493,E,28
567,K,28
788,V,28
482,G,28
175,S,28
675,L,28
215,A,28
324,K,28
709,S,28
1239,I,28
690,H,28
477,T,28
1239,G,28
938,I,28
1121,F,28
137,S,28
599,T,28
403,R,28
867,N,28
428,Y,28
1101,R,28
407,I,28
1041,G,28
71,Y,28
1191,K,27
699,I,27
182,E,27
199,V,27
234,K,27
646,L,27
713,S,27
1184,G,27
1201,R,27
1050,V,27
796,N,27
815,K,27
628,L,27
173,K,27
817,L,27
788,L,27
13,S,27
190,G,27
1160,I,27
642,I,27
510,L,27
614,S,27
783,T,27
772,A,27
1163,H,27
218,E,27
339,C,27
1099,V,27
154,A,27
198,H,27
148,D,27
325,F,27
389,G,27
535,K,27
151,S,27
167,S,27
639,S,27
402,V,27
171,A,27
482,D,27
882,V,27
1128,V,27
708,S,27
326,V,27
379,C,27
986,K,27
152,W,27
846,T,27
113,R,27
27,A,27
150,E,27
614,G,27
1027,T,27
260,D,27
281,K,27
862,P,27
615,A,26
42,V,26
17,K,26
1153,N,26
292,T,26
156,E,26
496,G,26
836,E,26
570,Y,26
677,P,26
1222,V,26
381,R,26
50,P,26
105,T,26
971,G,26
496,V,26
849,I,26
34,C,26
97,K,26
228,G,26
125,S,26
1192,T,26
1224,S,26
694,S,26
526,G,26
493,Q,26
216,P,26
1248,C,26
1153,A,26
756,Y,26
973,I,26
68,L,26
212,I,26
744,D,26
1016,T,26
889,G,26
1114,L,26
771,A,26
686,S,26
1124,S,26
1252,C,26
1150,Q,26
150,K,26
86,L,26
1087,T,26
536,K,26
781,V,26
207,R,26
162,N,26
504,V,26
890,S,26
986,R,26
101,V,25
556,S,25
75,G,25
134,L,25
292,A,25
406,E,25
189,L,25
147,K,25
183,L,25
1015,S,25
418,V,25
730,S,25
299,T,25
248,C,25
1073,E,25
719,T,25
376,S,25
702,K,25
750,G,25
179,P,25
417,R,25
963,I,25
164,T,25
150,T,25
347,F,25
839,V,25
627,E,25
532,N,25
73,A,25
1168,N,25
19,K,25
78,G,25
830,G,25
835,R,25
129,K,25
950,G,25
769,E,25
148,Y,25
109,I,25
1243,Y,25
610,V,25
1092,D,25
743,C,25
688,A,25
1162,Q,25
978,S,25
1175,L,25
1202,G,25
1201,L,25
315,T,25
204,Y,25
735,S,25
787,Q,25
1167,G,25
174,H,25
795,R,25
1242,S,25
843,N,25
1086,K,25
554,A,25
67,T,24
1168,H,24
1090,S,24
87,S,24
779,L,24
620,F,24
164,H,24
177,M,24
540,S,24
670,I,24
841,I,24
676,A,24
342,L,24
69,R,24
100,V,24
108,S,24
299,A,24
611,F,24
790,N,24
481,D,24
1229,L,24
96,A,24
838,D,24
209,H,24
100,L,24
123,S,24
564,L,24
1192,D,24
403,I,24
870,S,24
1040,A,24
1163,A,24
338,F,24
204,H,24
1111,E,24
60,F,24
464,F,24
926,Q,24
744,S,24
937,T,24
820,N,24
371,F,24
222,P,24
1144,D,24
1113,Q,24
876,S,24
791,K,24
761,A,24
1236,C,24
736,I,24
156,Q,24
941,S,24
456,F,24
730,F,24
702,D,24
640,P,24
206,R,24
563,Q,24
211,S,24
634,H,24
485,A,24
440,Y,24
1146,N,24
121,S,24
1173,S,24
626,T,24
1073,M,24
944,A,24
532,S,23
1162,A,23
47,V,23
153,L,23
891,G,23
476,D,23
1033,V,23
134,H,23
1115,T,23
888,F,23
1208,Q,23
221,A,23
557,K,23
354,H,23
927,F,23
554,K,23
247,R,23
773,E,23
517,I,23
403,K,23
1130,V,23
884,C,23
1056,A,23
451,H,23
1125,K,23
7,F,23
485,R,23
1061,I,23
751,D,23
367,A,23
369,H,23
1024,I,23
1255,N,23
477,N,23
613,R,23
370,S,23
1187,S,23
1101,D,23
258,W,23
184,G,23
616,K,23
706,P,23
883,S,23
690,L,23
839,G,23
782,F,23
13,N,23
672,A,23
1071,R,23
1162,T,23
1095,L,23
512,I,23
580,L,23
832,S,23
812,T,23
872,Q,23
376,N,23
1200,I,23
1149,M,23
538,C,23
39,S,23
913,Q,23
99,D,23
255,S,23
657,Y,23
939,Y,23
1092,K,23
529,R,23
1225,F,22
471,E,22
42,I,22
524,V,22
479,H,22
76,N,22
726,V,22
1059,G,22
192,F,22
203,L,22
675,Q,22
564,Q,22
19,R,22
368,I,22
954,L,22
1133,L,22
275,L,22
440,S,22
1002,Q,22
205,S,22
1253,Y,22
446,G,22
199,C,22
780,G,22
281,E,22
1027,A,22
444,M,22
1185,S,22
94,A,22
784,Q,22
123,T,22
118,I,22
138,A,22
1106,Q,22
1105,T,22
969,S,22
1158,S,22
700,G,22
10,I,22
122,D,22
1230,A,22
1232,I,22
1227,M,22
1187,D,22
17,D,22
547,T,22
1081,I,22
604,A,22
79,F,22
68,M,22
1107,M,22
831,T,22
323,T,22
13,G,22
634,R,22
231,V,22
1058,R,22
630,I,22
1260,E,22
940,A,22
607,K,22
1084,V,22
257,G,22
1258,Q,22
635,F,22
839,E,22
1151,E,22
1188,A,21
1092,G,21
310,R,21
441,I,21
457,S,21
6,A,21
657,D,21
720,V,21
339,V,21
933,K,21
166,S,21
859,A,21
215,V,21
359,R,21
898,F,21
1050,T,21
779,Q,21
162,S,21
1262,A,21
1074,K,21
1038,K,21
99,S,21
795,N,21
506,Q,21
1262,K,21
805,V,21
135,F,21
814,T,21
1161,S,21
949,Q,21
1103,S,21
462,K,21
30,K,21
279,F,21
90,L,21
450,K,21
1084,N,21
11,A,21
827,A,21
1081,F,21
642,A,21
813,G,21
1236,Y,21
250,T,21
1190,V,21
1077,A,21
1223,C,21
661,E,21
581,T,21
846,G,21
1031,E,21
408,G,21
1189,A,21
287,N,21
144,V,21
211,K,21
152,S,21
1241,Y,21
668,V,21
458,R,21
554,V,21
1257,E,21
1185,L,21
1188,K,21
18,I,21
71,A,21
740,L,21
798,G,21
674,F,21
932,R,21
747,A,21
724,S,21
434,T,21
192,L,21
742,V,21
88,E,21
248,S,21
588,A,21
1232,T,21
471,G,21
853,Q,20
259,S,20
81,S,20
680,Y,20
1140,S,20
864,F,20
755,Q,20
1047,H,20
737,Y,20
340,V,20
606,K,20
45,P,20
228,E,20
1213,S,20
124,S,20
53,E,20
990,D,20
714,L,20
209,P,20
180,Q,20
1237,L,20
658,Y,20
1137,V,20
528,K,20
943,R,20
1239,N,20
87,K,20
455,S,20
1165,N,20
33,S,20
1244,P,20
1088,R,20
176,P,20
57,S,20
854,R,20
33,A,20
523,N,20
471,D,20
957,Q,20
1248,R,20
719,S,20
12,P,20
486,L,20
511,I,20
436,L,20
1142,L,20
24,F,20
372,T,20
780,K,20
323,A,20
465,G,20
788,I,20
939,S,20
827,S,20
14,L,20
637,F,20
704,A,20
242,I,20
834,F,20
362,I,20
572,A,20
824,S,20
500,S,20
804,H,20
1158,D,19
385,T,19
793,T,19
574,V,19
235,V,19
1244,I,19
689,G,19
173,L,19
824,D,19
762,Q,19
791,A,19
1000,R,19
262,D,19
138,V,19
721,G,19
58,V,19
747,N,19
183,K,19
337,H,19
1122,A,19
371,P,19
216,I,19
231,M,19
468,I,19
74,Y,19
850,T,19
271,L,19
499,T,19
771,D,19
853,K,19
1038,R,19
1268,A,19
176,I,19
255,Y,19
134,R,19
751,K,19
784,H,19
375,P,19
1222,S,19
482,R,19
630,A,19
74,D,19
447,S,19
826,M,19
1220,F,19
1113,R,19
280,D,19
140,S,19
1072,D,19
149,K,19
1182,D,19
678,A,19
448,D,19
577,L,19
494,A,19
159,I,19
850,I,19
1196,F,19
89,G,19
1263,T,19
522,A,19
828,I,19
19,T,19
580,R,19
130,L,19
444,T,19
47,I,19
307,A,19
18,R,19
678,N,19
1266,N,19
1011,Q,19
1272,H,19
832,D,19
98,P,19
217,H,19
709,K,19
679,I,19
3,A,19
4,F,19
844,T,19
80,E,19
610,I,18
158,G,18
280,S,18
809,Q,18
1169,T,18
805,L,18
412,L,18
1109,F,18
395,F,18
1020,G,18
813,R,18
128,I,18
307,S,18
218,K,18
1180,R,18
979,H,18
503,A,18
631,H,18
1014,I,18
130,I,18
1136,K,18
140,F,18
14,Q,18
309,G,18
615,L,18
1240,Y,18
1144,A,18
799,G,18
758,G,18
787,L,18
1083,Q,18
683,P,18
1113,H,18
852,T,18
686,G,18
1216,S,18
1065,M,18
1227,L,18
721,S,18
528,R,18
118,L,18
73,N,18
965,Q,18
149,D,18
511,L,18
474,R,18
1203,I,18
268,G,18
571,Y,18
207,Q,18
1265,L,18
232,G,18
327,V,18
608,F,18
791,P,18
371,L,18
404,G,18
1116,S,18
593,V,18
46,A,18
194,F,18
794,L,18
870,T,18
1102,S,18
676,P,18
271,R,18
629,I,18
169,D,18
79,S,18
860,A,18
552,I,18
731,L,18
1127,N,18
331,S,18
545,G,18
164,I,18
419,T,18
647,T,18
264,T,18
317,S,18
812,Q,18
875,F,18
811,R,18
1261,Y,18
758,I,18
588,T,18
550,G,18
203,I,17
414,Q,17
476,G,17
448,T,17
415,A,17
109,S,17
681,P,17
976,V,17
93,V,17
460,Y,17
786,R,17
1249,P,17
1167,A,17
147,I,17
868,D,17
408,S,17
947,R,17
1264,F,17
1191,R,17
654,A,17
275,F,17
1084,A,17
681,C,17
172,Y,17
49,L,17
122,S,17
1056,V,17
561,T,17
187,E,17
787,R,17
1096,A,17
380,F,17
1258,V,17
446,G,17
1069,T,17
1028,K,17
820,E,17
137,K,17
964,R,17
1178,D,17
8,V,17
420,N,17
1109,L,17
688,D,17
1120,A,17
308,V,17
790,K,17
802,F,17
954,K,17
314,Q,17
178,E,17
137,D,17
1194,S,17
673,G,17
88,A,17
654,D,17
807,T,17
1249,S,17
498,Q,17
154,E,17
1219,A,17
628,E,17
808,E,17
448,N,17
732,S,17
1017,E,17
1137,I,17
101,M,17
30,Y,17
1163,V,17
413,E,17
1226,S,17
750,N,17
908,G,17
1165,A,17
159,F,17
672,S,17
926,H,17
1131,R,17
835,K,17
319,R,17
1155,F,17
370,K,17
1186,I,17
443,F,17
82,T,17
232,S,17
597,I,17
36,V,17
628,Q,17
569,F,17
359,I,17
188,K,17
95,N,17
269,C,16
687,A,16
1156,F,16
473,H,16
226,S,16
618,S,16
1237,M,16
620,I,16
799,S,16
340,A,16
1184,E,16
373,A,16
594,G,16
1226,T,16
110,F,16
659,T,16
1047,C,16
124,N,16
113,T,16
628,R,16
210,F,16
87,D,16
242,P,16
52,K,16
1177,A,16
74,K,16
214,R,16
540,D,16
326,I,16
1139,G,16
300,K,16
1208,R,16
1227,T,16
278,R,16
549,S,16
1220,L,16
825,R,16
725,D,16
571,G,16
476,A,16
239,K,16
356,E,16
278,N,16
817,F,16
791,T,16
721,I,16
100,M,16
814,E,16
120,A,16
1003,S,16
1135,D,16
173,Q,16
419,V,16
427,A,16
982,L,16
117,I,16
895,Q,16
759,F,16
1159,L,16
1146,A,16
371,L,16
281,V,16
246,R,16
1266,K,16
1268,F,16
217,L,16
588,K,16
1214,F,16
271,E,16
750,I,16
1071,K,16
300,R,16
1187,T,16
228,A,16
520,T,16
83,A,16
1182,E,16
915,F,16
703,Y,16
607,L,16
15,Y,16
1027,S,16
1267,E,16
153,M,16
583,K,16
179,R,16
417,E,16
1260,A,16
26,T,16
415,I,16
694,T,16
180,A,16
850,I,16
484,E,16
592,L,16
465,E,16
232,D,16
627,A,16
1061,F,16
67,D,16
435,T,16
76,S,16
143,A,16
159,A,16
182,T,16
183,P,16
1040,I,16
751,Y,16
350,I,15
1180,L,15
672,T,15
236,S,15
532,Y,15
323,R,15
479,R,15
1114,F,15
63,N,15
378,R,15
961,S,15
414,H,15
163,T,15
1181,E,15
126,A,15
838,V,15
843,A,15
6,L,15
1046,S,15
679,T,15
960,K,15
1260,G,15
149,S,15
940,Y,15
702,E,15
692,V,15
87,Y,15
1076,A,15
839,A,15
639,C,15
888,F,15
27,P,15
1008,A,15
333,K,15
516,E,15
403,S,15
1191,E,15
745,A,15
598,I,15
36,A,15
136,C,15
158,T,15
925,D,15
460,T,15
682,Q,15
547,A,15
1083,R,15
1010,L,15
797,L,15
94,T,15
1248,S,15
1074,H,15
115,H,15
640,Y,15
1200,V,15
504,N,15
527,S,15
505,H,15
30,I,15
1069,H,15
354,T,15
842,C,15
780,A,15
453,H,15
657,K,15
772,F,15
307,N,15
1265,I,15
899,V,15
158,K,15
1070,A,15
1009,A,15
1045,E,15
556,D,15
1202,V,15
778,A,15
834,S,15
4,L,15
185,Y,15
638,A,15
868,E,15
158,R,15
174,P,15
1168,E,15
340,G,15
422,N,15
1092,V,15
376,A,15
581,S,15
1027,N,15
13,C,15
176,L,15
944,S,15
103,C,15
1256,F,15
1176,V,15
968,F,15
540,K,15
1097,L,15
521,T,15
836,K,15
211,D,15
914,S,15
201,L,15
1207,G,14
1247,R,14
520,A,14
375,A,14
1079,L,14
1103,F,14
768,A,14
1251,A,14
182,I,14
321,R,14
460,D,14
296,I,14
221,S,14
51,A,14
1142,Q,14
126,I,14
357,I,14
61,K,14
1157,R,14
751,T,14
384,H,14
820,H,14
257,C,14
1042,L,14
68,K,14
61,S,14
1136,A,14
1034,I,14
460,K,14
309,E,14
1119,S,14
155,T,14
415,S,14
174,T,14
1173,K,14
1209,H,14
540,Y,14
583,G,14
162,G,14
814,N,14
1086,N,14
1171,C,14
1068,A,14
195,K,14
737,E,14
710,V,14
587,V,14
35,S,14
285,V,14
187,I,14
305,A,14
35,G,14
1254,Y,14
820,G,14
52,Q,14
1234,I,14
228,N,14
212,V,14
18,L,14
722,A,14
287,Y,14
41,R,14
372,S,14
835,E,14
1242,T,14
835,I,14
657,S,14
947,K,14
334,K,14
1086,E,14
1134,Y,14
937,A,14
845,D,14
621,H,14
954,Q,14
74,S,14
1150,G,14
69,D,14
211,Y,14
428,E,14
624,M,14
182,Q,14
699,F,14
926,L,14
396,H,14
254,P,14
881,I,14
350,V,14
266,H,14
69,N,14
586,N,14
596,N,14
178,D,14
1202,D,14
371,F,14
1074,Y,14
29,T,14
69,Q,14
402,I,14
575,V,14
187,K,14
97,Q,14
187,N,14
1112,T,14
583,A,14
400,F,14
282,K,14
234,Y,14
321,K,14
824,Y,14
725,E,14
1161,L,14
703,D,14
884,A,14
74,T,14
811,I,14
1050,L,14
925,Y,14
87,I,14
133,L,14
830,N,13
603,K,13
798,V,13
145,H,13
329,L,13
1191,T,13
240,N,13
254,S,13
613,Q,13
119,I,13
986,N,13
70,G,13
121,D,13
639,A,13
156,G,13
1170,A,13
256,A,13
1100,A,13
202,K,13
692,F,13
105,L,13
629,F,13
830,H,13
420,G,13
460,I,13
1262,V,13
161,Y,13
471,A,13
1111,A,13
203,T,13
975,S,13
1161,P,13
57,L,13
97,T,13
281,E,13
85,T,13
1045,M,13
985,N,13
363,V,13
653,A,13
120,V,13
907,S,13
776,R,13
239,Q,13
226,V,13
198,A,13
20,T,13
49,H,13
1074,N,13
1101,N,13
720,I,13
441,R,13
1009,S,13
730,A,13
20,P,13
24,V,13
76,T,13
641,D,13
1180,Q,13
789,H,13
348,E,13
583,E,13
19,A,13
214,P,13
92,L,13
309,D,13
763,S,13
882,T,13
853,R,13
702,V,13
490,I,13
1132,T,13
867,E,13
1135,Y,13
66,N,13
656,A,13
1072,A,13
464,S,13
798,D,13
242,H,13
786,N,13
1197,I,13
754,S,13
514,Y,13
1066,I,13
558,M,13
731,T,13
664,K,13
344,D,13
876,T,13
372,P,13
41,N,13
993,V,13
371,A,13
956,S,13
26,R,13
185,T,13
320,L,13
408,T,13
770,I,13
247,S,13
1096,F,13
309,A,13
613,L,13
476,V,13
696,I,13
1192,H,13
1206,H,13
443,A,13
1125,S,13
34,H,13
168,F,13
420,A,13
681,H,13
65,S,13
1104,A,13
485,D,13
606,S,13
9,Q,13
600,L,13
352,D,12
105,I,12
81,K,12
799,D,12
1090,L,12
1187,I,12
625,Q,12
621,A,12
447,G,12
1091,S,12
794,I,12
60,T,12
515,L,12
314,R,12
1150,A,12
272,P,12
259,T,12
588,S,12
879,A,12
678,S,12
900,L,12
440,D,12
211,T,12
1166,F,12
810,A,12
474,E,12
202,R,12
1067,F,12
678,P,12
719,N,12
501,Y,12
606,D,12
231,E,12
613,K,12
666,S,12
90,A,12
294,G,12
292,G,12
480,C,12
478,K,12
446,R,12
809,R,12
1221,M,12
356,M,12
786,E,12
420,Y,12
521,R,12
1176,I,12
364,N,12
257,G,12
274,N,12
655,L,12
1225,L,12
670,T,12
822,I,12
472,L,12
94,S,12
1205,T,12
112,F,12
723,A,12
572,T,12
1205,E,12
571,E,12
1020,D,12
804,K,12
518,I,12
1023,D,12
167,I,12
1204,E,12
323,K,12
796,E,12
335,S,12
469,L,12
734,A,12
661,V,12
560,Q,12
1225,S,12
190,W,12
691,A,12
197,S,12
161,A,12
510,I,12
895,H,12
739,A,12
1187,K,12
1137,F,12
957,H,12
356,T,12
1147,A,12
599,I,12
565,V,12
259,P,12
922,S,12
807,Q,12
780,V,12
765,S,12
471,V,12
569,T,12
61,D,12
304,N,12
371,T,12
149,Y,12
1127,A,12
33,K,12
449,S,12
1116,A,12
1165,E,12
1127,E,12
795,E,12
230,S,11
976,I,11
1092,A,11
709,Y,11
1031,D,11
18,K,11
397,S,11
885,C,11
245,N,11
1110,H,11
1240,S,11
593,C,11
674,H,11
1249,A,11
172,A,11
1047,F,11
813,T,11
1012,S,11
1259,E,11
752,V,11
215,D,11
362,L,11
523,T,11
785,F,11
763,F,11
11,L,11
679,D,11
270,I,11
943,S,11
356,Q,11
441,P,11
181,G,11
912,A,11
324,A,11
404,C,11
1029,I,11
1258,A,11
1266,E,11
901,Q,11
63,A,11
108,N,11
1154,E,11
267,M,11
933,R,11
112,A,11
148,H,11
1078,A,11
935,R,11
1183,L,11
1074,I,11
70,I,11
42,F,11
1261,A,11
281,D,11
640,A,11
947,T,11
389,E,11
575,T,11
804,P,11
479,T,11
281,A,11
534,L,11
1195,A,11
375,Y,11
395,A,11
575,G,11
854,E,11
324,D,11
286,A,11
249,V,11
1129,A,11
409,Q,11
1030,A,11
1055,A,11
1006,A,11
27,E,11
47,A,11
22,P,11
1173,D,11
459,P,11
783,E,11
325,Y,11
798,C,11
28,N,11
872,L,11
257,R,11
1111,G,11
936,V,11
108,A,11
1071,Q,11
58,S,11
28,F,11
304,R,11
1157,E,11
137,T,11
808,A,11
804,Q,11
1233,L,11
553,N,11
806,S,11
761,R,11
573,T,11
867,A,11
378,K,11
118,V,11
60,A,11
156,K,11
553,A,11
271,Q,11
857,S,11
529,E,11
15,R,11
185,K,11
868,G,11
992,Q,11
1265,R,11
168,S,11
703,H,11
1181,I,11
667,S,11
199,S,11
580,E,11
478,I,11
245,P,11
12,A,11
77,E,11
160,H,11
801,D,11
997,V,11
1108,T,11
240,A,11
164,Y,11
188,T,11
675,Q,11
1011,H,11
924,T,11
389,N,11
1150,V,11
752,P,11
606,Y,11
999,C,11
635,A,11
127,V,11
169,K,11
369,C,11
153,K,11
470,A,11
1232,F,11
797,C,11
1188,G,11
314,H,11
658,S,11
929,G,11
220,I,10
334,S,10
189,I,10
413,A,10
473,F,10
558,E,10
569,L,10
239,L,10
447,D,10
676,N,10
814,M,10
243,P,10
370,D,10
1029,V,10
193,V,10
114,A,10
661,E,10
802,L,10
936,A,10
784,R,10
837,F,10
896,V,10
503,G,10
603,T,10
522,E,10
797,F,10
1187,H,10
625,L,10
794,F,10
1111,V,10
634,L,10
1154,I,10
1128,L,10
135,V,10
124,A,10
1235,S,10
2,S,10
99,K,10
727,I,10
596,T,10
394,I,10
257,G,10
778,N,10
155,S,10
444,K,10
1273,S,10
690,K,10
1202,A,10
596,S,10
171,L,10
1210,I,10
896,L,10
452,Q,10
309,E,10
804,L,10
1170,Y,10
1127,V,10
407,A,10
951,L,10
925,S,10
644,Q,10
1001,F,10
1259,N,10
665,S,10
334,Y,10
963,F,10
404,S,10
762,L,10
360,Y,10
967,G,10
164,D,10
886,Y,10
208,K,10
17,Y,10
459,Y,10
15,S,10
871,T,10
188,Y,10
54,S,10
120,V,10
187,R,10
324,V,10
918,A,10
58,L,10
352,T,10
516,G,10
616,D,10
519,Q,10
186,V,10
1178,S,10
140,I,10
437,S,10
151,R,10
1180,E,10
696,A,10
1083,N,10
1102,F,10
630,S,10
1255,R,10
208,S,10
585,I,10
403,T,10
1180,H,10
850,F,10
239,H,10
1238,A,10
440,T,10
1024,R,10
1199,V,10
481,I,10
811,N,10
716,V,10
1123,A,10
877,M,10
923,V,10
1174,T,10
178,D,10
66,Q,10
188,D,10
173,E,10
366,F,10
680,A,10
1221,I,10
1249,Y,10
238,L,10
1219,G,10
160,F,10
331,T,10
86,P,10
616,S,10
214,R,10
195,N,10
92,S,10
1178,H,10
762,H,10
644,L,10
582,R,9
917,F,9
374,S,9
570,D,9
635,V,9
934,L,9
1115,L,9
889,S,9
202,N,9
478,R,9
708,C,9
945,I,9
134,E,9
537,R,9
345,S,9
830,E,9
1141,S,9
1072,V,9
949,K,9
224,K,9
180,E,9
22,S,9
1058,L,9
772,V,9
573,A,9
934,M,9
757,D,9
16,L,9
402,L,9
788,T,9
859,S,9
1073,Q,9
833,L,9
967,N,9
309,V,9
929,R,9
1216,F,9
1118,A,9
1205,Q,9
638,R,9
495,H,9
1250,R,9
776,K,9
677,Y,9
661,G,9
23,P,9
1243,R,9
639,D,9
979,V,9
857,V,9
861,S,9
640,C,9
256,T,9
371,S,9
217,P,9
792,Q,9
619,V,9
162,R,9
111,G,9
1214,C,9
874,N,9
659,P,9
914,D,9
461,I,9
1093,S,9
975,N,9
947,I,9
887,A,9
496,N,9
351,H,9
136,S,9
717,K,9
783,K,9
698,A,9
371,P,9
841,R,9
1181,Q,9
1086,Q,9
1014,S,9
1146,G,9
1052,I,9
462,Q,9
1157,T,9
1223,V,9
1204,R,9
1060,A,9
835,N,9
349,A,9
500,A,9
51,N,9
1037,L,9
1054,L,9
534,A,9
723,N,9
719,T,9
949,R,9
658,T,9
641,T,9
287,E,9
462,E,9
96,K,9
1111,E,9
708,A,9
516,K,9
567,S,9
405,E,9
949,L,9
659,A,9
1154,N,9
843,Y,9
253,E,9
518,P,9
209,T,9
684,P,9
1164,A,9
747,T,9
964,K,9
533,F,9
576,F,9
458,Q,9
250,S,9
594,V,9
284,A,9
790,E,9
1240,G,9
103,S,9
594,D,9
64,G,9
705,A,9
513,P,9
363,S,9
1057,L,9
815,M,9
474,K,9
848,E,9
1077,S,9
152,G,9
245,D,9
812,P,9
729,L,9
354,Y,9
264,D,9
143,V,9
603,I,9
64,W,9
396,F,9
564,H,9
540,T,9
693,F,9
85,Q,9
1208,L,9
1144,K,9
1011,L,9
20,N,9
394,D,9
172,T,9
225,L,9
244,F,9
521,Q,9
224,G,9
1034,F,9
322,L,9
529,M,9
952,A,9
1263,P,9
214,S,9
536,S,9
766,V,8
1097,T,8
1049,F,8
713,D,8
661,A,8
250,P,8
468,F,8
710,K,8
752,I,8
990,A,8
713,V,8
19,T,8
199,R,8
1026,T,8
677,H,8
395,I,8
434,L,8
1170,P,8
612,F,8
879,G,8
50,A,8
146,P,8
950,V,8
32,V,8
290,E,8
778,S,8
1047,Y,8
45,A,8
632,A,8
1208,K,8
284,N,8
620,L,8
543,L,8
1066,S,8
603,H,8
1023,T,8
1206,F,8
1061,A,8
55,L,8
1160,A,8
213,G,8
1214,L,8
244,V,8
1117,A,8
385,A,8
804,R,8
228,V,8
712,T,8
233,T,8
614,N,8
204,F,8
569,S,8
132,K,8
645,I,8
1259,H,8
1234,P,8
710,S,8
565,S,8
621,R,8
685,R,8
686,N,8
458,E,8
1245,E,8
154,D,8
333,A,8
53,G,8
788,M,8
478,T,8
873,H,8
1023,Y,8
854,T,8
24,I,8
174,R,8
1038,T,8
1073,K,8
183,E,8
449,N,8
820,Y,8
87,T,8
78,W,8
949,E,8
501,H,8
189,L,8
721,R,8
395,L,8
797,V,8
732,A,8
960,S,8
1270,S,8
455,W,8
641,K,8
1068,L,8
822,V,8
52,E,8
815,S,8
1134,D,8
242,R,8
317,Y,8
1111,D,8
457,M,8
697,L,8
1118,G,8
795,I,8
185,I,8
1252,A,8
217,T,8
145,Y,8
863,L,8
149,I,8
790,R,8
546,F,8
967,T,8
134,K,8
812,A,8
444,E,8
483,G,8
1018,M,8
1128,A,8
278,E,8
1204,V,8
98,Y,8
448,Y,8
745,E,8
1178,K,8
1216,M,8
481,Y,8
1071,E,8
312,L,8
1198,T,8
845,G,8
160,C,8
835,T,8
14,Q,8
747,S,8
719,A,8
568,G,8
836,P,8
1006,S,8
1075,Y,8
1005,L,8
404,R,8
1123,F,8
98,A,8
1120,S,8
1002,H,8
472,F,8
383,F,8
875,A,8
883,A,8
1221,L,8
639,R,8
1153,V,8
335,V,8
69,P,8
314,L,8
165,Y,8
854,K,8
1245,M,8
29,T,8
199,D,8
41,I,8
1134,S,8
765,G,8
1114,S,8
1168,V,8
771,A,8
1097,A,8
670,L,8
287,A,8
881,A,8
1136,S,7
630,N,7
1015,V,7
857,C,7
825,E,7
69,H,7
266,F,7
783,G,7
1070,E,7
7,S,7
1152,F,7
885,V,7
340,Q,7
156,A,7
1113,E,7
1194,T,7
1069,L,7
684,E,7
1195,V,7
1013,L,7
885,S,7
1163,E,7
44,K,7
1210,M,7
1066,A,7
101,I,7
41,E,7
902,L,7
282,Y,7
923,L,7
360,S,7
179,S,7
281,G,7
703,I,7
1089,Y,7
1098,S,7
1181,T,7
646,P,7
282,D,7
876,V,7
173,Q,7
81,Y,7
914,Y,7
262,G,7
655,P,7
844,S,7
998,A,7
132,G,7
22,T,7
750,R,7
1195,K,7
1131,E,7
149,T,7
1122,F,7
831,D,7
552,V,7
390,I,7
490,Y,7
714,M,7
102,T,7
113,M,7
904,F,7
904,H,7
405,H,7
1009,N,7
934,T,7
147,T,7
1089,L,7
360,K,7
853,L,7
1118,D,7
685,L,7
1081,L,7
688,G,7
1210,L,7
967,R,7
1157,M,7
618,R,7
294,N,7
838,C,7
1135,K,7
738,F,7
32,Y,7
736,L,7
221,W,7
283,A,7
717,D,7
67,G,7
1207,A,7
434,M,7
9,R,7
71,T,7
316,F,7
1169,L,7
293,I,7
128,T,7
799,C,7
1119,D,7
939,A,7
428,V,7
1101,H,7
1154,R,7
717,T,7
389,Y,7
1199,E,7
673,R,7
618,K,7
218,P,7
105,F,7
176,H,7
528,I,7
242,L,7
1108,H,7
950,A,7
716,S,7
404,A,7
1017,D,7
355,S,7
67,A,7
878,S,7
27,G,7
770,M,7
258,G,7
1139,E,7
596,C,7
323,L,7
394,T,7
450,N,7
1192,Y,7
1135,I,7
944,V,7
1118,E,7
378,M,7
1045,T,7
1052,F,7
868,V,7
1173,Y,7
925,K,7
524,I,7
593,S,7
1175,A,7
241,S,7
732,S,7
806,Q,7
128,F,7
155,S,7
641,Y,7
570,G,7
477,S,7
216,L,7
161,P,7
574,G,7
1172,F,7
954,R,7
976,A,7
894,S,7
69,S,7
729,M,7
1048,Y,7
94,Y,7
1017,G,7
458,T,7
1107,G,7
462,R,7
764,Y,7
144,C,7
886,C,7
811,Q,7
833,S,7
116,P,7
1086,I,7
786,Q,7
138,E,7
619,A,7
220,V,7
1198,F,7
640,S,7
1168,A,7
1270,I,7
1191,M,7
1100,S,7
1273,A,7
300,M,7
918,V,7
1144,G,7
1099,C,7
1227,I,7
1033,L,7
430,A,7
796,D,7
580,K,7
1125,Y,7
132,V,7
481,T,7
384,A,7
405,V,7
1140,L,7
493,P,7
772,G,7
494,T,7
1021,Y,7
701,E,7
1020,A,7
1158,H,7
958,V,7
709,T,6
363,T,6
84,P,6
20,S,6
222,F,6
938,L,6
1179,L,6
731,V,6
1011,R,6
35,G,6
94,P,6
661,K,6
1207,V,6
1196,Y,6
862,L,6
1231,S,6
803,A,6
988,D,6
256,S,6
144,F,6
68,R,6
269,F,6
586,A,6
276,I,6
14,K,6
1228,V,6
140,V,6
496,C,6
237,G,6
810,T,6
886,F,6
207,L,6
10,V,6
1119,T,6
1191,Q,6
289,A,6
50,T,6
252,R,6
832,V,6
892,T,6
1209,F,6
187,T,6
65,C,6
322,A,6
1266,T,6
262,P,6
316,A,6
330,T,6
388,S,6
384,R,6
147,Q,6
118,P,6
67,P,6
177,L,6
520,E,6
1182,K,6
141,V,6
1218,I,6
677,Q,6
450,S,6
522,V,6
677,K,6
918,G,6
1188,V,6
55,Y,6
640,T,6
307,T,6
781,G,6
137,M,6
921,N,6
1194,Y,6
761,S,6
156,V,6
25,P,6
120,L,6
115,R,6
730,P,6
588,R,6
131,S,6
1110,F,6
135,I,6
647,P,6
255,A,6
232,A,6
955,H,6
1106,L,6
692,L,6
940,T,6
1252,S,6
1141,W,6
834,I,6
222,I,6
88,V,6
1145,F,6
893,T,6
504,C,6
685,H,6
410,L,6
631,T,6
348,P,6
543,V,6
1004,F,6
532,D,6
1103,C,6
21,R,6
265,F,6
1190,T,6
1146,V,6
703,K,6
737,V,6
520,P,6
817,S,6
532,K,6
537,N,6
47,L,6
793,Q,6
1117,K,6
1121,V,6
570,G,6
1255,E,6
1119,Y,6
469,A,6
908,C,6
744,C,6
90,G,6
537,T,6
862,Q,6
61,Y,6
913,L,6
638,K,6
586,G,6
104,L,6
25,R,6
759,S,6
490,F,6
199,A,6
589,Q,6
704,T,6
1142,R,6
1188,Q,6
500,I,6
1199,A,6
1070,G,6
745,Y,6
466,K,6
603,D,6
154,V,6
278,Q,6
45,Y,6
1154,T,6
327,F,6
1247,W,6
888,V,6
624,L,6
725,Q,6
776,T,6
1117,T,6
576,A,6
1171,A,6
856,D,6
296,F,6
706,G,6
1046,D,6
421,F,6
350,A,6
163,E,6
1229,M,6
918,K,6
282,T,6
27,A,6
265,H,6
933,E,6
1052,Y,6
902,V,6
259,K,6
858,V,6
349,F,6
1135,S,6
206,N,6
81,D,6
202,T,6
584,T,6
91,F,6
82,R,6
1098,D,6
392,S,6
808,V,6
1026,V,6
1038,N,6
868,A,6
170,F,6
806,V,6
441,L,6
960,D,6
844,M,6
963,A,6
150,K,6
708,Y,6
442,V,6
810,P,6
702,A,6
1158,T,6
716,K,6
91,H,6
1098,T,6
564,E,6
921,R,6
380,H,6
240,T,6
546,V,6
302,M,6
991,L,6
885,D,6
834,N,5
184,C,5
946,A,5
438,F,5
688,P,5
23,K,5
1224,M,5
629,V,5
651,I,5
460,H,5
392,L,5
843,V,5
529,T,5
241,F,5
1167,F,5
26,P,5
175,I,5
978,H,5
684,A,5
933,N,5
913,E,5
689,T,5
1092,Q,5
1143,T,5
646,S,5
493,L,5
369,F,5
669,A,5
737,G,5
463,F,5
556,T,5
553,S,5
143,L,5
101,L,5
498,H,5
425,V,5
664,V,5
403,G,5
920,Q,5
655,Y,5
144,N,5
293,H,5
1250,S,5
222,A,5
651,T,5
969,T,5
417,M,5
442,Y,5
468,M,5
49,R,5
59,Y,5
709,D,5
39,H,5
1212,C,5
10,Q,5
28,C,5
1010,Q,5
1172,T,5
1163,D,5
404,V,5
478,A,5
93,T,5
325,A,5
722,F,5
591,P,5
332,V,5
256,S,5
754,L,5
1215,F,5
60,P,5
352,G,5
939,C,5
263,A,5
576,L,5
60,C,5
908,S,5
710,T,5
1119,I,5
255,T,5
33,R,5
1259,V,5
1259,D,5
424,N,5
967,I,5
115,L,5
1071,Q,5
830,V,5
1007,H,5
405,A,5
711,A,5
185,N,5
84,V,5
103,V,5
66,P,5
400,L,5
631,R,5
861,V,5
1081,T,5
680,T,5
1178,Y,5
138,D,5
106,L,5
57,T,5
370,Y,5
21,F,5
1177,V,5
435,V,5
161,T,5
176,V,5
240,S,5
137,Y,5
938,P,5
1125,H,5
926,K,5
1257,Y,5
1025,G,5
891,S,5
986,Q,5
125,T,5
206,T,5
748,A,5
207,N,5
106,I,5
231,L,5
288,T,5
186,F,5
479,P,5
8,W,5
59,C,5
142,R,5
621,T,5
1132,F,5
987,I,5
211,N,5
96,Y,5
177,R,5
513,I,5
989,S,5
91,C,5
353,F,5
1080,V,5
600,S,5
87,V,5
715,L,5
950,E,5
15,G,5
36,V,5
1033,I,5
498,K,5
899,A,5
917,H,5
508,N,5
100,I,5
466,S,5
1058,N,5
53,A,5
351,F,5
696,N,5
985,G,5
144,Y,5
130,A,5
14,E,5
678,T,5
831,A,5
248,F,5
847,S,5
104,R,5
34,S,5
508,C,5
1175,T,5
1253,G,5
536,D,5
221,F,5
706,T,5
462,I,5
1219,D,5
86,I,5
71,S,5
1258,K,5
869,L,5
26,F,5
274,S,5
144,V,5
609,S,5
1135,H,5
243,D,5
51,S,5
277,F,5
61,I,5
624,T,5
1179,T,5
1139,A,5
29,S,5
1081,M,5
1264,F,5
1184,H,5
31,A,5
418,T,5
1224,V,5
145,S,5
23,E,5
591,A,5
241,V,5
36,L,5
129,R,5
922,M,5
654,G,5
67,A,5
428,H,5
1090,T,5
1112,R,5
375,T,5
1151,A,5
1242,K,5
1219,G,5
517,H,5
790,I,5
457,K,5
127,A,5
1049,V,5
868,K,5
586,E,5
502,S,5
440,I,5
276,V,5
935,E,5
1041,N,5
372,E,5
790,T,5
20,I,5
141,L,5
321,E,5
4,S,5
1119,K,5
409,E,5
298,Q,5
1125,T,5
1259,D,5
1106,H,5
402,T,5
19,S,5
297,A,5
918,Q,5
1211,R,5
213,E,5
775,N,5
1067,C,5
282,I,5
246,R,5
201,S,5
361,T,5
274,A,5
300,Q,5
122,K,5
345,I,5
1151,Q,5
1003,I,5
814,Q,5
16,G,5
1041,E,5
691,T,5
89,S,5
358,L,5
530,F,5
1002,L,5
979,E,5
153,M,5
911,F,5
713,T,5
229,S,5
1232,L,5
196,I,5
1088,Q,5
1117,R,5
1271,N,5
1002,E,5
251,P,5
415,P,5
389,A,5
1018,T,5
74,I,5
797,S,5
770,T,5
1200,P,5
1049,L,5
193,M,5
700,V,5
1019,T,5
1241,S,5
215,D,5
8,S,5
1118,V,5
1247,G,5
205,A,5
407,F,5
675,P,5
871,G,5
89,V,5
1081,I,5
332,T,5
1235,C,5
1202,E,5
1087,P,5
149,H,4
169,A,4
1260,D,4
503,L,4
1063,V,4
710,Y,4
139,Q,4
1034,R,4
1024,V,4
141,W,4
165,D,4
667,C,4
748,V,4
638,S,4
139,R,4
811,T,4
1052,V,4
44,I,4
1062,Y,4
107,R,4
795,Q,4
506,H,4
978,Y,4
874,S,4
866,S,4
793,R,4
1001,I,4
504,E,4
581,I,4
421,H,4
99,Y,4
856,I,4
84,Q,4
801,K,4
833,V,4
362,A,4
516,A,4
823,L,4
844,F,4
1245,T,4
530,P,4
40,N,4
501,K,4
525,F,4
1218,P,4
4,C,4
1058,Q,4
506,K,4
1255,T,4
1176,L,4
138,D,4
785,G,4
273,G,4
655,Q,4
373,T,4
677,E,4
518,V,4
777,S,4
862,A,4
1192,K,4
1232,S,4
133,S,4
1045,Q,4
1100,K,4
1194,H,4
38,H,4
536,Y,4
444,K,4
845,A,4
1239,R,4
221,P,4
628,H,4
264,A,4
304,Q,4
1117,S,4
795,T,4
316,Y,4
1162,P,4
52,Q,4
48,S,4
427,E,4
459,S,4
679,H,4
356,K,4
746,T,4
619,G,4
448,K,4
169,Q,4
324,G,4
424,R,4
967,V,4
895,K,4
681,F,4
549,K,4
79,V,4
1249,T,4
999,V,4
1131,V,4
1103,V,4
556,I,4
158,R,4
55,S,4
947,N,4
181,L,4
687,V,4
1107,W,4
1036,H,4
192,I,4
730,Y,4
1013,T,4
196,Y,4
14,Q,4
510,A,4
542,S,4
891,V,4
447,C,4
535,R,4
92,C,4
93,P,4
796,V,4
899,T,4
926,R,4
1053,L,4
32,C,4
852,E,4
287,V,4
112,T,4
747,P,4
353,S,4
7,I,4
637,C,4
5,P,4
1149,Q,4
204,C,4
89,D,4
668,G,4
516,V,4
164,K,4
39,L,4
556,Y,4
358,T,4
1196,A,4
61,T,4
1243,G,4
805,I,4
261,F,4
414,Q,4
87,N,4
1165,H,4
680,S,4
126,G,4
21,L,4
964,I,4
313,H,4
1193,F,4
1038,E,4
1158,I,4
1039,K,4
502,C,4
1134,H,4
159,L,4
279,N,4
1170,T,4
1264,L,4
4,I,4
64,K,4
584,L,4
67,I,4
417,T,4
1211,N,4
1184,V,4
449,D,4
188,H,4
137,I,4
528,T,4
249,W,4
371,I,4
121,K,4
1212,L,4
229,V,4
214,Y,4
125,G,4
493,R,4
209,R,4
243,G,4
1101,L,4
607,E,4
1258,G,4
842,G,4
755,L,4
558,Q,4
478,Q,4
144,D,4
66,L,4
666,L,4
316,T,4
589,L,4
439,Y,4
83,V,4
56,S,4
547,K,4
1253,S,4
212,I,4
58,Y,4
529,Q,4
502,N,4
268,V,4
1038,Q,4
285,L,4
1127,H,4
77,M,4
780,E,4
445,G,4
224,A,4
1107,T,4
685,C,4
957,E,4
347,L,4
114,I,4
1075,V,4
940,C,4
409,H,4
153,R,4
532,I,4
544,S,4
642,L,4
716,L,4
131,F,4
716,A,4
196,S,4
771,T,4
1053,S,4
1086,T,4
86,Q,4
18,V,4
274,T,4
146,D,4
1158,Y,4
162,T,4
1076,K,4
123,D,4
111,E,4
570,V,4
1250,W,4
1029,T,4
632,S,4
1109,I,4
1248,W,4
428,A,4
853,H,4
160,Y,4
1093,C,4
410,T,4
48,F,4
991,G,4
1198,L,4
401,A,4
661,Q,4
982,A,4
165,S,4
1087,G,4
143,V,4
17,T,4
409,L,4
6,V,4
1171,R,4
846,D,4
692,M,4
751,I,4
676,T,4
830,A,4
964,N,4
935,L,4
144,L,4
1225,M,4
263,E,4
109,N,4
796,H,4
86,V,4
925,H,4
818,T,4
686,I,4
68,I,4
936,D,4
113,Q,4
74,H,4
16,V,4
611,P,4
331,Y,4
1165,V,4
471,K,4
717,Y,4
1243,W,4
8,M,4
25,A,4
792,R,4
465,A,4
682,P,4
658,H,4
393,A,4
519,N,4
284,P,4
384,T,4
864,S,4
1260,D,4
1220,V,4
40,G,4
111,D,4
519,D,4
113,E,4
690,P,4
751,H,4
346,R,4
329,V,4
806,F,4
196,T,4
72,G,4
565,Y,4
409,K,4
1173,T,4
1237,K,4
704,S,4
579,L,4
539,L,4
702,G,4
560,M,4
824,K,4
781,A,4
850,S,4
641,I,4
136,Y,4
206,E,4
545,S,4
72,G,4
37,H,4
507,L,4
519,R,4
938,V,4
169,G,4
62,A,4
889,C,4
1239,C,4
221,T,4
35,A,4
935,K,4
1167,G,4
85,R,4
267,A,3
341,F,3
1212,R,3
879,P,3
96,E,3
1043,F,3
959,F,3
1039,S,3
796,A,3
532,H,3
477,K,3
666,S,3
930,G,3
976,G,3
781,F,3
304,T,3
1244,H,3
86,S,3
501,N,3
155,C,3
196,H,3
420,V,3
1110,C,3
357,T,3
656,F,3
832,R,3
742,F,3
263,A,3
1207,K,3
43,Y,3
1271,L,3
990,G,3
1080,P,3
306,S,3
896,I,3
770,L,3
513,V,3
538,R,3
429,L,3
677,R,3
914,I,3
605,A,3
872,H,3
1074,T,3
459,A,3
27,L,3
234,D,3
330,H,3
501,H,3
841,H,3
93,G,3
167,A,3
717,H,3
134,Q,3
822,P,3
344,G,3
609,V,3
557,I,3
1250,G,3
175,T,3
1020,P,3
565,I,3
247,T,3
983,C,3
107,D,3
82,P,3
1161,A,3
859,N,3
389,H,3
405,D,3
312,F,3
781,I,3
224,D,3
59,F,3
1143,H,3
889,V,3
52,P,3
312,T,3
727,Q,3
385,T,3
210,N,3
858,P,3
439,I,3
386,R,3
545,C,3
253,S,3
72,A,3
625,N,3
364,G,3
79,C,3
150,Q,3
484,R,3
1266,Q,3
406,A,3
528,E,3
1268,L,3
1114,M,3
927,L,3
103,D,3
1216,N,3
106,V,3
97,M,3
990,Q,3
557,R,3
614,A,3
212,L,3
1003,G,3
748,K,3
197,N,3
271,H,3
624,F,3
1251,G,3
882,F,3
817,V,3
1229,K,3
811,E,3
1132,L,3
536,H,3
95,P,3
304,E,3
110,S,3
907,T,3
790,Q,3
931,M,3
1231,P,3
933,I,3
505,F,3
574,E,3
998,S,3
567,G,3
784,K,3
512,A,3
568,Y,3
67,V,3
1052,F,3
709,I,3
462,T,3
1078,A,3
971,V,3
785,L,3
606,H,3
306,V,3
1149,E,3
605,T,3
753,F,3
622,V,3
139,T,3
664,L,3
496,D,3
439,S,3
1267,A,3
654,E,3
884,T,3
235,F,3
832,C,3
773,D,3
745,V,3
748,D,3
294,E,3
681,S,3
700,C,3
207,P,3
716,R,3
1192,I,3
107,C,3
822,L,3
1015,T,3
45,T,3
1072,G,3
69,S,3
974,L,3
637,A,3
205,Y,3
874,A,3
703,T,3
504,A,3
1251,L,3
992,H,3
1214,S,3
980,V,3
993,L,3
246,E,3
926,E,3
193,A,3
1038,I,3
1134,K,3
859,T,3
942,A,3
636,F,3
486,I,3
1021,A,3
105,I,3
143,C,3
1186,F,3
863,T,3
1219,R,3
411,D,3
393,S,3
381,E,3
454,I,3
1151,G,3
1141,L,3
1108,K,3
614,V,3
1269,E,3
827,K,3
622,G,3
125,D,3
1023,H,3
602,I,3
605,F,3
854,Q,3
701,G,3
786,T,3
146,K,3
248,Y,3
220,S,3
1118,Q,3
318,Y,3
1200,R,3
1142,H,3
864,V,3
833,Y,3
1067,H,3
265,S,3
208,T,3
496,R,3
502,D,3
284,T,3
786,I,3
1265,V,3
399,A,3
365,C,3
502,V,3
1096,L,3
1150,Y,3
215,C,3
70,V,3
98,T,3
494,R,3
293,V,3
929,S,3
740,K,3
175,C,3
533,V,3
912,K,3
528,N,3
445,L,3
1160,K,3
507,A,3
595,A,3
1148,Y,3
1244,R,3
104,C,3
353,L,3
298,K,3
211,H,3
936,D,3
988,A,3
54,V,3
1039,G,3
374,V,3
279,H,3
1031,Q,3
138,Y,3
893,P,3
583,V,3
106,S,3
798,F,3
742,T,3
812,P,3
1138,H,3
3,V,3
453,C,3
1106,K,3
145,Y,3
322,T,3
776,E,3
1178,I,3
500,N,3
196,K,3
1205,M,3
978,T,3
322,R,3
4,V,3
708,T,3
657,H,3
1106,R,3
852,A,3
448,I,3
987,L,3
519,P,3
49,Q,3
889,F,3
1264,G,3
627,T,3
116,Y,3
696,S,3
823,S,3
524,A,3
378,E,3
254,A,3
978,D,3
679,K,3
866,I,3
446,F,3
1255,I,3
104,F,3
145,F,3
388,I,3
843,E,3
584,F,3
711,P,3
90,V,3
929,C,3
170,S,3
646,G,3
438,A,3
374,Y,3
379,F,3
541,L,3
1254,C,3
129,N,3
761,K,3
1108,I,3
517,P,3
729,E,3
812,L,3
733,R,3
1255,Q,3
781,D,3
1040,V,3
784,P,3
260,P,3
224,V,3
504,L,3
920,H,3
1162,L,3
496,S,3
364,Y,3
312,M,3
61,H,3
921,E,3
1010,E,3
984,F,3
366,Y,3
933,Q,3
540,I,3
359,T,3
225,S,3
1018,L,3
1252,T,3
503,C,3
1079,A,3
772,D,3
222,V,3
213,V,3
544,Y,3
83,V,3
276,P,3
230,T,3
1183,M,3
1090,A,3
503,T,3
782,Y,3
547,R,3
302,K,3
488,F,3
384,P,3
202,E,3
261,G,3
558,T,3
930,F,3
446,N,3
1070,A,3
285,T,3
966,F,3
1214,Y,3
327,L,3
835,Q,3
1203,V,3
915,L,3
558,K,3
937,E,3
4,Y,3
727,P,3
385,S,3
1264,V,3
321,H,3
1233,M,3
434,I,3
537,I,3
973,F,3
190,N,3
141,M,3
514,A,3
338,I,3
1179,F,3
370,H,3
1042,I,3
824,I,3
370,I,3
1100,P,3
367,G,3
275,C,3
67,F,3
284,S,3
146,H,3
502,E,3
1265,H,3
198,V,3
111,A,3
212,F,3
141,S,3
838,R,3
543,I,3
133,I,3
1242,C,3
834,L,3
975,I,3
1128,V,3
458,M,3
1108,Y,3
1258,E,3
490,R,3
1263,P,3
181,L,3
870,L,3
81,H,3
62,G,3
338,S,3
157,F,3
887,S,3
315,S,3
888,S,3
1023,I,3
602,A,3
343,D,3
295,L,3
562,S,3
230,Q,3
154,E,3
143,T,3
1153,D,3
1158,K,3
450,I,3
478,T,3
693,L,3
22,F,3
666,N,3
775,G,3
668,T,3
470,S,3
699,P,3
1172,N,3
173,P,3
1046,C,3
673,S,3
180,E,3
628,Q,3
514,T,3
1031,V,3
861,F,3
127,L,3
931,L,3
1241,R,3
1238,S,3
1213,Q,3
179,H,3
382,M,3
404,F,3
921,Q,3
972,S,3
420,E,3
1175,P,3
195,R,3
162,C,3
714,I,3
78,R,3
144,Y,3
1208,Q,3
344,F,3
718,S,3
854,M,3
373,P,3
884,Y,3
921,I,3
856,T,3
44,G,3
95,V,3
826,A,3
1012,F,3
758,T,3
763,V,3
1008,L,3
17,I,3
306,I,3
947,E,3
2,V,3
509,K,3
985,V,3
259,R,3
602,S,3
1063,M,3
512,L,3
205,T,3
679,M,2
339,D,2
272,F,2
764,H,2
1021,P,2
484,R,2
1044,E,2
834,M,2
449,F,2
293,M,2
430,S,2
1042,V,2
198,N,2
1145,S,2
86,C,2
867,V,2
90,Q,2
501,C,2
712,F,2
129,Q,2
911,A,2
361,R,2
260,G,2
985,E,2
1025,A,2
358,N,2
592,I,2
644,K,2
330,A,2
525,L,2
617,R,2
747,T,2
743,S,2
315,A,2
728,T,2
527,T,2
255,C,2
1201,N,2
746,L,2
877,P,2
1068,G,2
995,M,2
28,D,2
209,P,2
338,P,2
205,S,2
122,T,2
904,S,2
54,W,2
174,A,2
164,N,2
587,L,2
380,C,2
442,F,2
417,M,2
121,I,2
233,S,2
5,R,2
452,L,2
86,P,2
974,P,2
172,P,2
488,Y,2
20,F,2
764,S,2
1242,R,2
1124,R,2
114,F,2
1256,S,2
498,L,2
1118,N,2
412,Q,2
84,A,2
324,E,2
707,F,2
1254,S,2
788,F,2
123,P,2
743,R,2
633,R,2
1103,Y,2
452,R,2
2,F,2
92,R,2
222,L,2
159,T,2
25,T,2
771,G,2
675,W,2
170,N,2
25,F,2
779,Q,2
516,D,2
1035,R,2
732,T,2
492,I,2
1176,A,2
160,N,2
741,F,2
875,T,2
1017,A,2
1006,R,2
1168,D,2
1025,S,2
960,Y,2
342,V,2
283,V,2
6,G,2
505,N,2
1041,A,2
87,H,2
524,F,2
34,R,2
91,D,2
34,P,2
90,D,2
463,R,2
107,T,2
878,V,2
232,R,2
930,D,2
870,I,2
657,I,2
773,Q,2
699,V,2
456,Y,2
787,Q,2
78,T,2
491,L,2
1053,T,2
796,F,2
369,S,2
535,E,2
37,C,2
1057,R,2
579,A,2
145,Y,2
151,V,2
1098,K,2
789,N,2
93,I,2
341,G,2
1056,T,2
387,A,2
796,Y,2
389,T,2
931,T,2
548,S,2
792,P,2
197,D,2
759,L,2
124,F,2
69,V,2
1138,F,2
1257,H,2
210,L,2
890,P,2
92,P,2
146,K,2
394,Y,2
690,E,2
626,G,2
527,L,2
768,S,2
288,P,2
581,K,2
109,R,2
969,R,2
666,T,2
194,L,2
371,L,2
342,S,2
334,T,2
1240,C,2
319,E,2
25,P,2
796,D,2
1116,T,2
106,Y,2
88,L,2
740,M,2
605,Y,2
87,R,2
88,R,2
25,P,2
28,Y,2
408,R,2
346,K,2
805,K,2
346,F,2
1084,D,2
1209,C,2
1074,S,2
1270,V,2
31,T,2
214,Q,2
166,Y,2
711,T,2
66,H,2
1148,S,2
487,T,2
368,P,2
1016,L,2
632,T,2
92,V,2
51,T,2
665,L,2
984,P,2
88,K,2
157,Y,2
484,P,2
89,N,2
902,T,2
136,C,2
89,M,2
1159,N,2
357,E,2
1099,G,2
850,M,2
173,D,2
121,H,2
1082,F,2
85,P,2
157,S,2
524,G,2
865,P,2
280,C,2
675,E,2
514,S,2
449,Y,2
170,C,2
268,D,2
856,K,2
385,P,2
928,D,2
442,E,2
796,Y,2
1225,N,2
1156,S,2
757,S,2
424,I,2
733,E,2
242,L,2
718,C,2
242,Q,2
319,T,2
951,M,2
262,A,2
852,G,2
626,E,2
118,L,2
172,S,2
724,K,2
1196,T,2
1024,P,2
1169,I,2
1184,A,2
192,Y,2
916,I,2
223,F,2
165,I,2
981,S,2
416,E,2
311,V,2
375,F,2
761,T,2
345,N,2
73,T,2
317,R,2
146,H,2
1068,V,2
712,L,2
426,T,2
355,L,2
165,K,2
944,T,2
688,A,2
1123,P,2
246,R,2
144,N,2
159,S,2
111,V,2
1050,M,2
849,P,2
589,R,2
688,F,2
261,G,2
186,I,2
348,F,2
658,I,2
586,V,2
989,G,2
504,H,2
603,Y,2
722,L,2
1076,P,2
954,L,2
803,P,2
82,P,2
254,T,2
761,P,2
883,N,2
201,I,2
913,R,2
710,N,2
840,G,2
328,I,2
467,V,2
429,I,2
270,P,2
470,P,2
282,H,2
542,D,2
484,S,2
972,T,2
1101,Y,2
138,H,2
485,C,2
824,H,2
142,G,2
463,H,2
617,S,2
994,Y,2
174,T,2
973,M,2
243,A,2
141,G,2
175,V,2
935,H,2
6,C,2
484,A,2
286,R,2
502,A,2
87,F,2
887,I,2
315,N,2
1041,Y,2
586,H,2
498,R,2
954,H,2
1120,T,2
80,L,2
486,V,2
1162,P,2
186,C,2
764,K,2
28,S,2
426,L,2
468,L,2
821,Q,2
456,V,2
1264,E,2
143,H,2
475,P,2
685,S,2
324,E,2
1141,L,2
478,E,2
677,P,2
158,R,2
803,C,2
1080,D,2
716,M,2
734,S,2
140,Y,2
372,G,2
755,H,2
100,I,2
303,L,2
801,S,2
257,W,2
105,S,2
655,N,2
68,N,2
721,F,2
348,A,2
792,A,2
518,Q,2
263,P,2
1266,I,2
1101,H,2
836,Q,2
219,G,2
1137,A,2
760,F,2
872,K,2
371,S,2
2,Y,2
401,K,2
954,Y,2
440,F,2
325,P,2
501,I,2
860,G,2
295,S,2
348,G,2
103,R,2
114,S,2
1089,V,2
100,K,2
110,I,2
25,V,2
809,A,2
125,H,2
259,T,2
986,E,2
343,K,2
964,E,2
360,D,2
582,H,2
297,P,2
577,S,2
441,L,2
892,P,2
99,I,2
697,V,2
81,T,2
610,F,2
477,I,2
1216,L,2
151,S,2
241,I,2
632,F,2
377,S,2
101,S,2
47,G,2
838,G,2
65,Y,2
939,L,2
299,K,2
1023,K,2
200,S,2
1148,L,2
1016,E,2
487,S,2
125,K,2
839,H,2
846,A,2
119,T,2
563,H,2
882,I,2
92,I,2
293,P,2
936,D,2
361,F,2
99,T,2
1172,L,2
1001,P,2
64,W,2
1106,E,2
450,T,2
266,S,2
245,H,2
128,I,2
286,K,2
1087,A,2
242,V,2
323,S,2
331,I,2
750,T,2
397,T,2
151,S,2
739,R,2
650,I,2
183,Q,2
912,S,2
630,P,2
266,N,2
151,C,2
1248,G,2
30,D,2
351,C,2
865,I,2
746,A,2
613,Y,2
260,A,2
441,V,2
296,P,2
1008,M,2
1159,P,2
475,A,2
481,H,2
40,Y,2
355,K,2
280,T,2
79,Y,2
321,P,2
322,Q,2
1197,R,2
1223,D,2
115,E,2
1079,H,2
215,D,2
222,I,2
1145,V,2
880,S,2
138,D,2
220,Y,2
1042,S,2
1259,Y,2
1096,V,2
353,C,2
1135,T,2
694,F,2
269,N,2
318,L,2
1015,G,2
1173,I,2
135,S,2
551,L,2
1256,L,2
818,M,2
244,I,2
948,F,2
91,N,2
75,F,2
605,C,2
238,V,2
1251,G,2
439,D,2
851,R,2
333,S,2
413,C,2
1122,V,2
187,Q,2
184,R,2
707,H,2
1,I,2
857,D,2
720,T,2
773,G,2
119,M,2
107,V,2
1254,R,2
1230,F,2
856,Y,2
1245,Q,2
107,A,2
243,A,2
1093,D,2
331,K,2
623,A,2
337,R,2
78,R,2
1094,L,2
1252,S,2
145,C,2
1162,L,2
825,I,2
664,I,2
821,P,2
426,A,2
30,T,2
1055,P,2
867,D,2
955,I,2
239,E,2
487,K,2
680,S,2
715,T,2
1207,Q,2
1139,V,2
570,A,2
374,I,2
657,T,2
78,P,2
301,F,2
591,Y,2
347,Y,2
85,G,2
947,Q,2
774,R,2
342,I,2
561,R,2
310,E,2
463,T,2
941,K,2
1182,A,2
202,Q,2
801,I,2
1022,V,2
777,H,2
251,R,2
263,A,2
420,H,2
1070,P,2
862,T,2
19,P,2
1236,G,2
957,K,2
86,Y,2
346,R,2
1247,C,2
638,T,2
433,L,2
829,A,2
1184,D,2
900,T,2
816,P,2
366,A,2
21,N,2
1244,V,2
278,I,2
455,L,2
438,P,2
18,H,2
290,V,2
1085,L,2
213,D,2
443,C,2
359,R,2
13,R,2
1078,D,2
166,I,2
292,V,2
614,A,2
1013,V,2
815,T,2
1185,P,2
595,F,2
258,R,2
583,E,2
982,P,2
1039,T,2
548,V,2
253,D,2
206,M,2
488,R,2
370,T,2
436,F,2
881,S,2
39,T,2
880,C,2
1240,R,2
396,C,2
407,L,2
406,G,2
964,T,2
694,F,2
1271,R,2
789,C,2
127,V,2
252,C,2
96,E,2
74,N,2
357,S,2
194,S,2
71,C,2
693,T,2
476,G,2
1132,S,2
1091,G,2
1263,A,2
1020,F,2
537,E,2
492,F,2
85,A,2
62,V,2
486,Y,2
453,S,2
152,Q,2
739,T,2
123,A,2
706,A,2
357,R,2
1030,P,2
834,I,2
1226,G,2
686,R,2
213,V,2
489,F,2
660,C,2
791,S,2
436,R,2
1010,R,2
221,F,2
846,P,2
203,K,2
480,S,2
506,R,2
691,S,2
48,I,2
971,C,2
252,E,2
1263,P,2
503,D,2
421,C,2
411,G,2
21,R,2
429,S,2
1019,I,2
1261,T,2
1201,E,2
915,A,2
306,C,2
573,N,2
540,H,2
795,K,2
167,N,2
720,L,2
38,F,2
196,D,2
1085,G,2
1236,C,2
214,R,2
252,A,2
288,G,2
115,P,2
531,N,2
104,S,2
236,N,2
1273,K,2
586,Y,2
797,I,2
456,S,2
97,K,2
651,L,2
313,F,2
492,S,2
399,L,2
1083,L,2
185,H,2
1138,C,2
1260,V,2
1094,G,2
996,S,2
623,G,2
406,V,2
896,M,2
56,V,2
1014,G,2
253,H,2
225,T,2
447,F,2
775,E,2
43,L,2
1112,A,2
1024,H,2
1078,P,2
260,A,2
616,Y,2
535,I,2
419,A,2
1143,R,2
483,V,2
910,E,2
1271,D,2
37,F,2
41,Q,2
1171,G,2
138,Y,2
84,L,2
1007,F,2
119,F,2
77,Q,2
222,D,2
63,S,2
522,G,2
732,T,2
341,L,2
1160,R,2
1075,S,2
358,F,2
1268,G,2
547,S,2
1220,I,2
701,P,2
287,D,2
646,C,2
1028,R,2
923,F,1
1182,G,1
542,H,1
673,C,1
91,R,1
459,S,1
89,Q,1
149,M,1
1122,F,1
90,M,1
1168,D,1
842,R,1
792,P,1
148,N,1
1138,N,1
143,Q,1
982,T,1
89,S,1
89,P,1
666,N,1
503,K,1
820,V,1
89,I,1
414,P,1
851,F,1
1025,V,1
807,R,1
151,D,1
78,Q,1
91,K,1
1167,I,1
715,H,1
625,S,1
91,P,1
1051,P,1
83,F,1
96,E,1
517,R,1
89,H,1
91,E,1
526,R,1
209,A,1
1259,D,1
175,F,1
1212,S,1
18,S,1
470,T,1
452,L,1
482,C,1
1265,L,1
709,H,1
1036,K,1
212,A,1
186,F,1
960,I,1
433,F,1
826,E,1
654,E,1
1106,P,1
623,I,1
774,E,1
959,S,1
1091,Q,1
1257,V,1
859,M,1
109,F,1
668,E,1
90,K,1
864,W,1
437,I,1
1267,G,1
131,D,1
1175,R,1
1054,H,1
818,N,1
118,L,1
90,K,1
1081,N,1
653,D,1
607,Q,1
91,R,1
612,H,1
475,A,1
1237,M,1
1036,L,1
339,P,1
1049,P,1
1022,D,1
220,C,1
90,R,1
757,V,1
149,V,1
627,P,1
719,V,1
1023,G,1
109,V,1
1029,S,1
264,Q,1
347,R,1
160,L,1
666,I,1
503,P,1
1102,Y,1
885,A,1
50,S,1
474,L,1
953,Y,1
908,F,1
267,G,1
741,T,1
573,S,1
1112,K,1
448,H,1
246,R,1
374,A,1
1028,I,1
85,I,1
63,E,1
955,K,1
981,P,1
502,Q,1
489,S,1
103,W,1
850,L,1
356,K,1
1078,A,1
986,I,1
261,Q,1
566,A,1
152,M,1
59,I,1
841,L,1
626,A,1
382,A,1
732,S,1
952,D,1
152,F,1
1250,N,1
1235,L,1
90,V,1
78,I,1
744,V,1
1164,G,1
520,L,1
178,D,1
1121,C,1
67,S,1
101,R,1
454,S,1
440,H,1
701,A,1
927,V,1
24,L,1
809,S,1
977,F,1
73,S,1
90,P,1
1088,N,1
1056,P,1
756,C,1
119,G,1
268,R,1
213,V,1
1171,G,1
188,I,1
145,K,1
294,Y,1
1177,E,1
925,T,1
331,D,1
347,C,1
229,M,1
1031,G,1
504,N,1
1256,I,1
753,G,1
122,H,1
551,V,1
46,T,1
178,A,1
802,I,1
1167,C,1
131,N,1
750,C,1
1010,H,1
757,A,1
80,D,1
219,T,1
1032,Y,1
1083,D,1
502,W,1
499,Q,1
1262,S,1
104,G,1
89,C,1
92,A,1
49,N,1
91,G,1
91,G,1
92,F,1
91,P,1
1218,V,1
89,L,1
88,K,1
970,L,1
145,N,1
87,L,1
88,G,1
116,C,1
1151,V,1
637,Y,1
893,E,1
133,Y,1
1134,R,1
173,W,1
225,Q,1
971,R,1
638,V,1
1248,I,1
1014,R,1
1035,E,1
735,S,1
860,V,1
1254,W,1
798,A,1
646,F,1
623,A,1
1066,T,1
550,C,1
267,V,1
253,V,1
968,Y,1
1245,K,1
836,Q,1
578,Y,1
298,G,1
2,F,1
101,I,1
252,G,1
971,D,1
255,L,1
68,S,1
535,T,1
540,R,1
406,K,1
1146,D,1
27,L,1
767,I,1
499,P,1
701,I,1
1059,R,1
322,V,1
17,H,1
80,C,1
698,S,1
859,S,1
762,E,1
571,A,1
300,N,1
1007,T,1
30,N,1
966,T,1
9,P,1
477,S,1
272,P,1
309,H,1
152,F,1
80,G,1
933,K,1
936,L,1
152,C,1
1102,W,1
725,K,1
616,H,1
344,A,1
208,I,1
322,P,1
590,R,1
767,S,1
636,H,1
452,F,1
80,D,1
447,Y,1
1006,K,1
683,K,1
394,H,1
1040,L,1
283,K,1
766,S,1
681,Q,1
843,H,1
287,D,1
406,Q,1
562,V,1
229,L,1
955,T,1
1065,F,1
544,D,1
594,C,1
1231,T,1
653,T,1
145,D,1
763,I,1
663,N,1
905,S,1
730,T,1
951,A,1
77,I,1
799,A,1
969,I,1
767,Q,1
335,M,1
108,K,1
1209,Y,1
487,H,1
190,N,1
251,A,1
372,L,1
675,R,1
600,T,1
523,P,1
846,F,1
120,V,1
1262,Y,1
20,S,1
927,Y,1
190,I,1
484,E,1
453,D,1
710,I,1
1040,G,1
305,T,1
26,Y,1
26,P,1
989,T,1
791,R,1
494,A,1
495,F,1
569,M,1
932,F,1
1080,T,1
173,Q,1
694,A,1
836,Q,1
957,Q,1
773,V,1
21,V,1
42,G,1
1233,K,1
33,V,1
1194,I,1
1030,T,1
7,V,1
1105,S,1
328,G,1
871,P,1
1146,D,1
96,E,1
920,E,1
73,P,1
677,S,1
1020,F,1
98,C,1
1167,G,1
663,G,1
26,F,1
855,V,1
768,T,1
769,C,1
1098,I,1
541,Y,1
129,I,1
330,P,1
969,H,1
664,I,1
1082,S,1
674,F,1
1017,K,1
637,T,1
1237,I,1
597,F,1
105,M,1
1133,V,1
643,I,1
177,T,1
753,V,1
47,N,1
226,W,1
800,S,1
1032,S,1
832,F,1
233,M,1
631,P,1
879,L,1
242,H,1
242,Q,1
80,G,1
484,K,1
701,L,1
1021,L,1
654,E,1
671,Y,1
691,S,1
1273,T,1
1257,G,1
932,A,1
1123,Y,1
1109,Y,1
456,F,1
1063,L,1
1229,M,1
265,N,1
129,T,1
957,L,1
788,N,1
932,G,1
726,M,1
643,C,1
494,Q,1
382,E,1
144,I,1
222,S,1
1163,D,1
64,F,1
308,R,1
573,I,1
1071,S,1
11,G,1
908,V,1
142,W,1
470,T,1
1137,G,1
248,N,1
938,F,1
302,S,1
145,D,1
364,A,1
14,P,1
399,P,1
161,S,1
936,Y,1
490,L,1
138,R,1
699,H,1
1144,E,1
336,F,1
1217,R,1
1102,R,1
170,D,1
336,L,1
174,C,1
309,R,1
252,H,1
483,V,1
93,D,1
396,S,1
960,P,1
506,A,1
927,S,1
88,C,1
102,D,1
365,H,1
576,K,1
224,R,1
1083,H,1
1265,Y,1
101,Q,1
92,S,1
119,S,1
134,S,1
502,L,1
93,R,1
21,A,1
361,S,1
169,C,1
622,D,1
377,Y,1
577,K,1
225,A,1
402,F,1
92,H,1
503,S,1
102,P,1
93,K,1
566,C,1
106,T,1
759,C,1
107,E,1
90,S,1
555,Y,1
1083,F,1
347,T,1
122,I,1
776,N,1
297,W,1
828,F,1
1177,G,1
313,N,1
473,S,1
153,T,1
966,I,1
799,F,1
170,P,1
174,E,1
396,I,1
582,Q,1
158,I,1
13,S,1
1092,E,1
235,N,1
502,F,1
1203,R,1
505,D,1
724,T,1
120,V,1
575,K,1
223,Q,1
501,P,1
1264,S,1
101,A,1
916,F,1
143,Y,1
93,F,1
91,H,1
89,K,1
118,H,1
92,G,1
405,S,1
382,F,1
505,C,1
771,N,1
302,A,1
151,L,1
141,D,1
553,L,1
1268,D,1
66,F,1
308,C,1
518,F,1
1005,R,1
223,K,1
18,P,1
804,Q,1
257,I,1
679,R,1
1105,P,1
722,D,1
962,F,1
631,P,1
312,S,1
213,V,1
903,P,1
142,R,1
168,R,1
708,F,1
708,N,1
170,R,1
168,Y,1
360,G,1
1186,N,1
173,G,1
335,D,1
261,K,1
264,I,1
961,E,1
774,P,1
394,C,1
585,S,1
106,C,1
393,R,1
492,K,1
584,Q,1
1182,T,1
130,G,1
392,D,1
151,F,1
384,I,1
117,T,1
391,L,1
381,C,1
383,D,1
687,T,1
489,R,1
582,Y,1
103,F,1
153,Q,1
562,L,1
382,I,1
488,I,1
1089,I,1
127,T,1
771,E,1
388,D,1
137,G,1
495,N,1
388,E,1
395,D,1
404,N,1
805,R,1
402,S,1
802,V,1
399,T,1
1110,D,1
800,I,1
404,D,1
398,I,1
1025,K,1
402,P,1
401,D,1
395,R,1
971,S,1
400,H,1
394,R,1
145,Q,1
399,Q,1
151,P,1
398,G,1
910,R,1
150,A,1
397,P,1
136,W,1
110,P,1
785,D,1
389,I,1
561,F,1
487,E,1
444,S,1
556,H,1
1053,N,1
962,G,1
262,K,1
578,K,1
226,P,1
504,F,1
762,G,1
1114,K,1
305,I,1
398,N,1
90,H,1
145,M,1
1134,T,1
175,Q,1
119,I,1
609,T,1
958,D,1
829,G,1
172,I,1
801,F,1
172,L,1
170,T,1
379,Y,1
338,Q,1
89,W,1
310,S,1
411,F,1
363,I,1
171,G,1
354,C,1
173,T,1
365,F,1
453,Y,1
93,L,1
290,Y,1
263,Y,1
345,T,1
147,A,1
380,I,1
590,F,1
175,Q,1
173,I,1
364,Q,1
91,G,1
264,C,1
579,K,1
1012,P,1
151,A,1
149,L,1
1115,N,1
399,Y,1
91,P,1
109,K,1
587,F,1
1077,N,1
121,C,1
1073,K,1
145,F,1
38,C,1
579,R,1
98,S,1
1260,N,1
905,G,1
80,N,1
478,K,1
339,N,1
131,Y,1
181,G,1
99,H,1
804,E,1
33,P,1
305,Y,1
906,V,1
961,L,1
813,S,1
1027,I,1
53,H,1
366,P,1
1078,A,1
437,D,1
1028,G,1
774,H,1
82,G,1
1113,Q,1
1206,C,1
218,Q,1
145,S,1
470,K,1
143,G,1
107,F,1
1219,F,1
991,A,1
290,A,1
1227,K,1
970,Y,1
294,I,1
1129,E,1
485,T,1
904,C,1
242,Y,1
32,F,1
973,T,1
677,P,1
936,D,1
907,Y,1
494,R,1
968,A,1
801,Y,1
605,P,1
1052,S,1
608,A,1
411,P,1
677,Y,1
182,K,1
121,G,1
172,F,1
172,I,1
171,S,1
172,N,1
544,K,1
347,N,1
627,D,1
510,E,1
168,A,1
85,M,1
823,V,1
467,Y,1
501,D,1
290,H,1
358,M,1
543,S,1
212,E,1
31,P,1
512,T,1
725,G,1
346,E,1
171,T,1
491,T,1
1053,A,1
212,P,1
443,L,1
143,H,1
129,V,1
112,M,1
828,V,1
511,A,1
144,T,1
552,L,1
769,G,1
1026,G,1
755,K,1
349,Y,1
280,H,1
100,I,1
294,A,1
36,F,1
547,T,1
392,V,1
192,S,1
724,T,1
732,P,1
310,L,1
763,T,1
314,Q,1
44,S,1
1071,P,1
883,R,1
736,A,1
216,L,1
431,V,1
503,E,1
222,L,1
1201,N,1
171,M,1
169,L,1
148,N,1
376,D,1
1046,A,1
359,D,1
273,W,1
95,H,1
173,S,1
1185,I,1
168,G,1
334,E,1
41,T,1
639,G,1
94,R,1
416,T,1
517,T,1
849,V,1
1133,N,1
65,R,1
250,G,1
1265,G,1
392,I,1
553,T,1
345,F,1
410,I,1
172,K,1
175,N,1
174,P,1
685,Q,1
214,G,1
756,N,1
295,H,1
352,N,1
1070,L,1
524,L,1
905,C,1
132,T,1
503,V,1
908,R,1
1016,P,1
83,N,1
191,K,1
570,H,1
498,Y,1
728,Q,1
148,S,1
311,F,1
651,M,1
470,V,1
581,N,1
444,Q,1
449,Y,1
141,R,1
692,S,1
87,A,1
393,F,1
93,E,1
632,T,1
404,I,1
158,N,1
913,K,1
755,C,1
380,L,1
700,T,1
652,R,1
93,A,1
598,T,1
789,K,1
461,F,1
259,M,1
768,P,1
502,T,1
150,H,1
327,A,1
1057,S,1
84,M,1
442,G,1
1056,S,1
819,Q,1
441,H,1
111,M,1
219,I,1
319,L,1
91,K,1
500,G,1
152,K,1
872,R,1
693,S,1
1264,S,1
111,T,1
504,K,1
503,Y,1
762,R,1
574,C,1
995,T,1
975,G,1
574,K,1
145,T,1
222,M,1
562,Y,1
1062,S,1
584,R,1
500,E,1
1263,I,1
1033,G,1
159,D,1
92,Q,1
91,Q,1
90,K,1
89,R,1
88,P,1
89,C,1
88,T,1
117,S,1
478,N,1
773,A,1
954,Q,1
1101,Y,1
223,I,1
109,C,1
1152,V,1
1147,P,1
91,S,1
57,H,1
289,V,1
347,S,1
124,P,1
359,C,1
77,M,1
808,D,1
112,L,1
131,R,1
215,Y,1
898,L,1
1000,S,1
1194,K,1
77,T,1
324,E,1
169,V,1
20,K,1
266,Y,1
211,E,1
510,T,1
189,H,1
115,K,1
615,V,1
1171,F,1
708,L,1
571,N,1
112,M,1
1262,Q,1
1201,N,1
279,C,1
137,H,1
69,A,1
1085,L,1
1039,I,1
723,P,1
520,G,1
1201,P,1
507,H,1
654,R,1
754,W,1
833,I,1
393,P,1
873,F,1
168,V,1
80,V,1
1204,A,1
417,S,1
1071,Y,1
880,A,1
1198,S,1
457,G,1
644,R,1
122,Y,1
461,V,1
877,R,1
79,I,1
318,C,1
250,T,1
214,R,1
972,V,1
210,I,1
1166,V,1
208,R,1
663,H,1
1005,Q,1
268,A,1
292,A,1
1010,K,1
376,R,1
111,C,1
324,E,1
557,N,1
260,I,1
956,V,1
183,Q,1
635,L,1
523,S,1
1126,F,1
1146,Y,1
798,E,1
285,I,1
308,L,1
500,F,1
163,A,1
125,Y,1
1005,K,1
191,G,1
1004,M,1
334,D,1
777,N,1
1165,D,1
1181,K,1
410,S,1
301,Y,1
462,N,1
825,T,1
1055,T,1
147,K,1
484,S,1
1174,P,1
413,S,1
344,P,1
1273,P,1
146,H,1
899,G,1
12,T,1
80,K,1
793,P,1
1260,I,1
308,A,1
16,V,1
108,T,1
270,F,1
140,H,1
878,I,1
920,R,1
240,P,1
382,V,1
1084,V,1
537,Q,1
1075,C,1
65,V,1
691,C,1
81,N,1
1095,S,1
604,Y,1
948,P,1
88,D,1
482,A,1
952,L,1
442,H,1
1115,F,1
948,V,1
583,E,1
780,D,1
518,S,1
745,D,1
947,K,1
357,G,1
25,P,1
690,Q,1
211,N,1
604,T,1
192,C,1
1107,I,1
719,T,1
219,G,1
237,R,1
244,L,1
146,K,1
154,V,1
63,K,1
477,V,1
732,V,1
308,F,1
1065,V,1
846,F,1
532,T,1
65,I,1
272,R,1
1099,R,1
228,D,1
298,A,1
49,I,1
919,Y,1
625,D,1
561,A,1
1136,P,1
52,Y,1
924,A,1
532,N,1
1157,Q,1
81,I,1
436,C,1
298,V,1
645,P,1
709,L,1
163,A,1
80,Y,1
80,F,1
101,K,1
757,C,1
454,K,1
102,G,1
59,H,1
922,L,1
227,E,1
139,A,1
10,A,1
1165,D,1
154,E,1
1085,D,1
1190,D,1
630,V,1
1243,V,1
103,A,1
479,A,1
1000,I,1
637,P,1
135,F,1
764,T,1
542,K,1
200,F,1
847,G,1
189,P,1
579,T,1
1080,G,1
40,H,1
545,A,1
515,S,1
254,C,1
280,I,1
675,Y,1
323,M,1
1256,Y,1
928,T,1
970,S,1
583,D,1
319,S,1
906,L,1
1205,K,1
684,G,1
49,D,1
1069,A,1
853,P,1
477,N,1
867,D,1
210,K,1
88,D,1
646,Y,1
1233,M,1
807,P,1
967,C,1
846,A,1
296,V,1
1102,G,1
132,E,1
809,A,1
1227,I,1
820,A,1
1,V,1
568,A,1
1199,D,1
824,N,1
762,K,1
573,P,1
355,G,1
484,E,1
641,H,1
163,G,1
764,D,1
259,T,1
70,L,1
346,N,1
339,F,1
752,N,1
571,V,1
254,S,1
482,Y,1
99,V,1
895,L,1
1078,F,1
482,G,1
364,E,1
924,G,1
1169,S,1
1037,A,1
432,Y,1
146,H,1
642,V,1
1115,S,1
594,F,1
1126,G,1
72,G,1
556,N,1
464,Y,1
243,A,1
875,P,1
223,P,1
171,D,1
21,M,1
111,D,1
272,P,1
776,I,1
525,R,1
1133,V,1
1082,G,1
711,Y,1
416,V,1
675,H,1
928,Y,1
794,S,1
233,I,1
914,T,1
590,S,1
277,S,1
726,L,1
133,V,1
19,R,1
148,I,1
190,R,1
11,V,1
1111,F,1
1207,E,1
273,R,1
551,A,1
273,T,1
740,R,1
180,E,1
646,R,1
70,D,1
978,I,1
53,Y,1
923,M,1
1026,P,1
1153,E,1
64,S,1
421,N,1
1272,C,1
675,S,1
1095,Y,1
1076,T,1
216,K,1
194,V,1
1260,D,1
1076,R,1
183,Q,1
999,A,1
195,T,1
257,F,1
846,I,1
1150,E,1
257,Y,1
988,G,1
216,H,1
501,M,1
886,S,1
1019,G,1
819,G,1
206,Q,1
963,G,1
1249,C,1
736,V,1
468,A,1
1217,C,1
539,F,1
784,E,1
841,P,1
338,V,1
869,T,1
112,F,1
1185,N,1
1141,V,1
592,V,1
76,V,1
108,T,1
331,H,1
275,S,1
818,L,1
664,T,1
958,T,1
305,F,1
662,F,1
6,L,1
1216,I,1
248,Y,1
238,S,1
175,Y,1
168,F,1
29,V,1
530,Y,1
1211,E,1
222,I,1
782,C,1
1043,R,1
450,Y,1
191,D,1
151,K,1
218,Q,1
743,G,1
866,P,1
942,E,1
443,P,1
181,G,1
67,F,1
464,F,1
493,T,1
221,L,1
1044,A,1
499,G,1
59,V,1
681,G,1
108,E,1
338,Y,1
32,I,1
1219,F,1
479,P,1
20,A,1
665,A,1
423,C,1
743,G,1
1159,Q,1
555,F,1
1094,V,1
163,P,1
389,V,1
922,V,1
197,F,1
226,M,1
552,L,1
175,R,1
43,S,1
250,I,1
732,N,1
552,P,1
8,L,1
1141,M,1
294,V,1
792,P,1
117,P,1
578,G,1
387,S,1
202,K,1
347,V,1
218,Q,1
134,Q,1
338,F,1
508,D,1
404,F,1
719,S,1
1242,S,1
64,W,1
223,S,1
267,F,1
1236,C,1
1103,F,1
82,P,1
129,E,1
361,W,1
850,N,1
66,H,1
604,S,1
330,R,1
92,Y,1
343,Y,1
433,A,1
469,P,1
238,F,1
325,S,1
281,R,1
791,N,1
1121,I,1
606,T,1
1091,R,1
746,P,1
340,E,1
999,R,1
1242,S,1
23,Q,1
882,L,1
138,D,1
936,H,1
814,S,1
1063,S,1
367,V,1
497,S,1
143,C,1
554,E,1
965,K,1
316,L,1
497,Y,1
285,S,1
214,C,1
680,C,1
214,H,1
827,T,1
585,V,1
793,A,1
1134,I,1
1173,H,1
494,L,1
982,T,1
376,T,1
848,N,1
337,R,1
538,Y,1
1084,F,1
60,Y,1
408,R,1
899,P,1
564,I,1
756,F,1
172,S,1
713,A,1
1105,K,1
261,G,1
1003,R,1
568,H,1
936,N,1
1190,G,1
760,R,1
487,D,1
812,I,1
195,M,1
919,D,1
591,T,1
554,R,1
616,N,1
554,G,1
1105,I,1
1109,V,1
317,T,1
329,S,1
632,P,1
178,V,1
125,V,1
1203,L,1
870,M,1
316,C,1
656,L,1
702,L,1
740,M,1
1259,A,1
1262,E,1
1219,F,1
75,G,1
1122,V,1
253,D,1
647,A,1
70,V,1
533,M,1
376,T,1
213,R,1
620,A,1
965,E,1
108,P,1
176,R,1
738,G,1
912,R,1
143,D,1
214,F,1
1259,N,1
440,N,1
232,Y,1
195,P,1
496,I,1
579,H,1
599,S,1
813,C,1
178,H,1
986,T,1
693,M,1
515,C,1
1220,C,1
69,M,1
69,T,1
700,P,1
782,L,1
744,A,1
646,Y,1
1222,D,1
436,Y,1
1241,G,1
1191,N,1
392,Y,1
508,F,1
1191,D,1
232,G,1
293,R,1
803,T,1
281,E,1
230,R,1
337,P,1
548,D,1
596,G,1
893,L,1
27,L,1
219,E,1
155,S,1
1248,C,1
645,A,1
291,S,1
1250,L,1
1083,H,1
807,M,1
412,S,1
959,V,1
388,K,1
781,L,1
618,P,1
164,Y,1
427,D,1
1044,V,1
1213,L,1
895,E,1
591,S,1
213,F,1
1073,K,1
1091,P,1
536,T,1
1230,G,1
531,S,1
132,E,1
472,S,1
843,D,1
326,T,1
270,V,1
555,T,1
1245,K,1
318,N,1
1090,H,1
739,S,1
275,V,1
1178,T,1
97,T,1
569,N,1
1056,I,1
664,M,1
939,T,1
714,K,1
1,L,1
710,H,1
559,L,1
95,T,1
919,H,1
323,M,1
981,H,1
93,Y,1
980,T,1
305,L,1
341,A,1
1021,T,1
856,N,1
587,T,1
716,I,1
482,N,1
1019,S,1
765,F,1
356,Y,1
121,T,1
501,F,1
422,S,1
891,C,1
919,S,1
570,E,1
1204,P,1
917,C,1
531,I,1
456,C,1
477,G,1
438,T,1
591,S,1
740,M,1
152,L,1
903,D,1
398,E,1
530,T,1
305,P,1
148,G,1
722,V,1
254,L,1
100,I,1
1219,L,1
694,G,1
845,P,1
79,F,1
121,Y,1
23,P,1
237,R,1
1114,N,1
257,F,1
211,N,1
1003,C,1
925,I,1
843,D,1
208,I,1
492,V,1
782,P,1
1242,S,1
1177,V,1
296,H,1
474,P,1
140,F,1
982,P,1
616,T,1
234,S,1
23,F,1
22,F,1
345,F,1
290,G,1
218,Q,1
344,F,1
343,N,1
758,R,1
336,S,1
245,Q,1
286,S,1
192,V,1
1169,M,1
42,L,1
1129,G,1
1259,G,1
796,C,1
550,A,1
247,D,1
941,R,1
491,H,1
152,Q,1
1067,S,1
682,H,1
198,E,1
1139,Y,1
1261,C,1
831,A,1
112,W,1
6,T,1
425,F,1
262,F,1
989,V,1
662,S,1
800,V,1
910,V,1
875,Y,1
323,T,1
431,C,1
145,D,1
1100,R,1
465,K,1
1021,C,1
417,I,1
56,F,1
840,F,1
88,D,1
370,N,1
770,K,1
1241,C,1
211,T,1
477,D,1
262,A,1
333,R,1
1174,G,1
1109,S,1
31,C,1
210,S,1
344,M,1
924,S,1
94,C,1
183,Y,1
805,T,1
897,S,1
769,R,1
919,I,1
555,P,1
730,C,1
64,K,1
665,T,1
824,T,1
1102,F,1
669,V,1
507,T,1
256,F,1
219,F,1
883,M,1
172,C,1
936,V,1
629,L,1
116,A,1
780,E,1
306,F,1
780,S,1
3,C,1
930,P,1
1104,L,1
914,H,1
1179,N,1
1167,V,1
100,N,1
544,I,1
1149,Y,1
842,A,1
493,Q,1
205,P,1
1211,Q,1
319,I,1
26,F,1
455,V,1
291,F,1
165,H,1
66,D,1
1105,A,1
247,T,1
1078,G,1
696,P,1
596,R,1
940,S,1
246,N,1
789,D,1
476,F,1
634,C,1
317,D,1
930,T,1
317,V,1
1018,F,1
729,A,1
611,I,1
55,C,1
247,F,1
748,G,1
332,S,1
260,A,1
1147,T,1
509,I,1
776,Q,1
600,Q,1
542,I,1
873,N,1
614,E,1
700,D,1
391,Y,1
766,T,1
72,L,1
43,C,1
493,G,1
418,L,1
1084,D,1
680,V,1
981,F,1
696,K,1
287,K,1
117,V,1
500,L,1
169,E,1
643,F,1
969,T,1
667,D,1
494,S,1
367,D,1
130,M,1
375,L,1
699,R,1
720,S,1
1085,S,1
421,S,1
733,N,1
969,K,1
1225,I,1
165,T,1
720,N,1
171,V,1
106,R,1
184,F,1
321,Q,1
644,E,1
1098,Y,1
12,S,1
323,P,1
1173,R,1
57,A,1
254,V,1
27,S,1
892,A,1
247,C,1
713,G,1
446,T,1
700,R,1
339,A,1
1071,Q,1
635,G,1
745,H,1
482,F,1
278,T,1
339,H,1
174,P,1
1126,S,1
339,Y,1
489,L,1
211,R,1
213,P,1
214,E,1
411,A,1
928,S,1
178,D,1
319,K,1
817,Y,1
417,H,1
1188,L,1
1183,S,1
431,S,1
176,Y,1
571,T,1
702,R,1
638,E,1
554,E,1
522,E,1
463,L,1
1222,G,1
826,F,1
457,W,1
522,A,1
53,S,1
1183,F,1
69,F,1
655,F,1
449,C,1
339,L,1
1002,K,1
1206,S,1
100,R,1
336,Y,1
417,N,1
339,E,1
111,Y,1
920,L,1
546,S,1
547,R,1
27,K,1
506,L,1
261,F,1
417,T,1
900,Q,1
705,G,1
484,T,1
496,T,1
440,K,1
907,D,1
212,V,1
831,G,1
131,G,1
393,N,1
808,R,1
